goal_id,match_id,team_id,player_id,player_team_id,own_goal,penalty
G-0001,M-1930-01,T-28,P-09831,T-28,0,0
G-0002,M-1930-01,T-28,P-05670,T-28,0,0
G-0003,M-1930-01,T-28,P-07295,T-28,0,0
G-0004,M-1930-01,T-28,P-07295,T-28,0,0
G-0005,M-1930-01,T-44,P-03952,T-44,0,0
G-0006,M-1930-02,T-79,P-09935,T-79,0,0
G-0007,M-1930-02,T-79,P-06672,T-79,0,0
G-0008,M-1930-02,T-79,P-09215,T-79,0,0
G-0009,M-1930-03,T-83,P-00319,T-83,0,0
G-0010,M-1930-03,T-83,P-06435,T-83,0,0
G-0011,M-1930-03,T-09,P-03855,T-09,0,0
G-0012,M-1930-04,T-58,P-00978,T-58,0,0
G-0013,M-1930-04,T-58,P-04102,T-58,0,0
G-0014,M-1930-04,T-58,P-02034,T-58,0,0
G-0015,M-1930-04,T-54,P-00521,T-54,0,0
G-0016,M-1930-05,T-03,P-03789,T-03,0,0
G-0017,M-1930-06,T-13,P-04216,T-13,0,0
G-0018,M-1930-06,T-13,P-04216,T-13,0,0
G-0019,M-1930-06,T-13,P-04652,T-44,1,0
G-0020,M-1930-07,T-83,P-06435,T-83,0,0
G-0021,M-1930-07,T-83,P-06435,T-83,0,0
G-0022,M-1930-07,T-83,P-00296,T-83,0,0
G-0023,M-1930-07,T-83,P-03989,T-83,0,0
G-0024,M-1930-08,T-79,P-09215,T-79,0,0
G-0025,M-1930-08,T-79,P-09215,T-79,0,0
G-0026,M-1930-08,T-79,P-09215,T-79,0,0
G-0027,M-1930-09,T-80,P-00826,T-80,0,0
G-0028,M-1930-10,T-13,P-04702,T-13,0,0
G-0029,M-1930-11,T-03,P-04418,T-03,0,0
G-0030,M-1930-11,T-03,P-04418,T-03,0,0
G-0031,M-1930-11,T-03,P-04418,T-03,0,0
G-0032,M-1930-11,T-03,P-00455,T-03,0,0
G-0033,M-1930-11,T-03,P-00455,T-03,0,0
G-0034,M-1930-11,T-03,P-00290,T-03,0,0
G-0035,M-1930-11,T-44,P-04652,T-44,0,1
G-0036,M-1930-11,T-44,P-04652,T-44,0,0
G-0037,M-1930-11,T-44,P-04746,T-44,0,0
G-0038,M-1930-12,T-09,P-04578,T-09,0,0
G-0039,M-1930-12,T-09,P-04578,T-09,0,0
G-0040,M-1930-12,T-09,P-03855,T-09,0,0
G-0041,M-1930-12,T-09,P-03855,T-09,0,0
G-0042,M-1930-13,T-53,P-06978,T-53,0,0
G-0043,M-1930-14,T-80,P-00275,T-80,0,0
G-0044,M-1930-14,T-80,P-02775,T-80,0,0
G-0045,M-1930-14,T-80,P-08997,T-80,0,0
G-0046,M-1930-14,T-80,P-00724,T-80,0,0
G-0047,M-1930-15,T-03,P-04418,T-03,0,0
G-0048,M-1930-15,T-03,P-04418,T-03,0,0
G-0049,M-1930-15,T-03,P-06416,T-03,0,0
G-0050,M-1930-15,T-13,P-04702,T-13,0,0
G-0051,M-1930-16,T-03,P-03789,T-03,0,0
G-0052,M-1930-16,T-03,P-03988,T-03,0,0
G-0053,M-1930-16,T-03,P-04418,T-03,0,0
G-0054,M-1930-16,T-03,P-04418,T-03,0,0
G-0055,M-1930-16,T-03,P-03816,T-03,0,0
G-0056,M-1930-16,T-03,P-03816,T-03,0,0
G-0057,M-1930-16,T-79,P-05896,T-79,0,0
G-0058,M-1930-17,T-80,P-00724,T-80,0,0
G-0059,M-1930-17,T-80,P-00724,T-80,0,0
G-0060,M-1930-17,T-80,P-00724,T-80,0,0
G-0061,M-1930-17,T-80,P-08997,T-80,0,0
G-0062,M-1930-17,T-80,P-08997,T-80,0,0
G-0063,M-1930-17,T-80,P-05989,T-80,0,0
G-0064,M-1930-17,T-83,P-03989,T-83,0,0
G-0065,M-1930-18,T-80,P-00275,T-80,0,0
G-0066,M-1930-18,T-80,P-00724,T-80,0,0
G-0067,M-1930-18,T-80,P-05989,T-80,0,0
G-0068,M-1930-18,T-80,P-00826,T-80,0,0
G-0069,M-1930-18,T-03,P-03816,T-03,0,0
G-0070,M-1930-18,T-03,P-04418,T-03,0,0
G-0071,M-1934-01,T-05,P-07395,T-05,0,0
G-0072,M-1934-01,T-05,P-06987,T-05,0,0
G-0073,M-1934-01,T-05,P-03565,T-05,0,0
G-0074,M-1934-01,T-28,P-01289,T-28,0,0
G-0075,M-1934-01,T-28,P-00692,T-28,0,1
G-0076,M-1934-02,T-20,P-02061,T-20,0,0
G-0077,M-1934-02,T-20,P-05627,T-20,0,0
G-0078,M-1934-02,T-58,P-08716,T-58,0,0
G-0079,M-1934-03,T-29,P-01808,T-29,0,0
G-0080,M-1934-03,T-29,P-06647,T-29,0,0
G-0081,M-1934-03,T-29,P-03649,T-29,0,0
G-0082,M-1934-03,T-29,P-03649,T-29,0,0
G-0083,M-1934-03,T-29,P-03649,T-29,0,0
G-0084,M-1934-03,T-06,P-00804,T-06,0,0
G-0085,M-1934-03,T-06,P-00804,T-06,0,0
G-0086,M-1934-04,T-34,P-09365,T-34,0,0
G-0087,M-1934-04,T-34,P-07150,T-34,0,0
G-0088,M-1934-04,T-34,P-07150,T-34,0,0
G-0089,M-1934-04,T-34,P-04863,T-34,0,0
G-0090,M-1934-04,T-25,P-07685,T-25,0,0
G-0091,M-1934-04,T-25,P-07685,T-25,0,0
G-0092,M-1934-05,T-39,P-02250,T-39,0,0
G-0093,M-1934-05,T-39,P-02250,T-39,0,0
G-0094,M-1934-05,T-39,P-02250,T-39,0,0
G-0095,M-1934-05,T-39,P-06734,T-39,0,0
G-0096,M-1934-05,T-39,P-06734,T-39,0,0
G-0097,M-1934-05,T-39,P-06750,T-39,0,0
G-0098,M-1934-05,T-39,P-03621,T-39,0,0
G-0099,M-1934-05,T-79,P-01139,T-79,0,0
G-0100,M-1934-06,T-70,P-09183,T-70,0,1
G-0101,M-1934-06,T-70,P-09183,T-70,0,0
G-0102,M-1934-06,T-70,P-02668,T-70,0,0
G-0103,M-1934-06,T-09,P-03023,T-09,0,0
G-0104,M-1934-07,T-71,P-06290,T-71,0,0
G-0105,M-1934-07,T-71,P-06290,T-71,0,0
G-0106,M-1934-07,T-71,P-01191,T-71,0,0
G-0107,M-1934-07,T-03,P-09883,T-03,0,0
G-0108,M-1934-07,T-03,P-03717,T-03,0,0
G-0109,M-1934-08,T-72,P-08185,T-72,0,0
G-0110,M-1934-08,T-72,P-08185,T-72,0,0
G-0111,M-1934-08,T-72,P-05367,T-72,0,0
G-0112,M-1934-08,T-46,P-01717,T-46,0,0
G-0113,M-1934-08,T-46,P-05901,T-46,0,0
G-0114,M-1934-09,T-05,P-08559,T-05,0,0
G-0115,M-1934-09,T-05,P-03943,T-05,0,0
G-0116,M-1934-09,T-34,P-02366,T-34,0,1
G-0117,M-1934-10,T-20,P-05088,T-20,0,0
G-0118,M-1934-10,T-20,P-02890,T-20,0,0
G-0119,M-1934-10,T-20,P-05627,T-20,0,0
G-0120,M-1934-10,T-72,P-08185,T-72,0,0
G-0121,M-1934-10,T-72,P-06523,T-72,0,0
G-0122,M-1934-11,T-29,P-04731,T-29,0,0
G-0123,M-1934-11,T-29,P-04731,T-29,0,0
G-0124,M-1934-11,T-71,P-01236,T-71,0,0
G-0125,M-1934-12,T-39,P-06750,T-39,0,0
G-0126,M-1934-12,T-70,P-03198,T-70,0,0
G-0127,M-1934-13,T-39,P-03621,T-39,0,0
G-0128,M-1934-14,T-20,P-05627,T-20,0,0
G-0129,M-1934-14,T-20,P-05627,T-20,0,0
G-0130,M-1934-14,T-20,P-05627,T-20,0,0
G-0131,M-1934-14,T-29,P-08354,T-29,0,0
G-0132,M-1934-15,T-39,P-04599,T-39,0,0
G-0133,M-1934-16,T-29,P-09992,T-29,0,0
G-0134,M-1934-16,T-29,P-09992,T-29,0,0
G-0135,M-1934-16,T-29,P-03649,T-29,0,0
G-0136,M-1934-16,T-05,P-08559,T-05,0,0
G-0137,M-1934-16,T-05,P-00993,T-05,0,0
G-0138,M-1934-17,T-39,P-06734,T-39,0,0
G-0139,M-1934-17,T-39,P-02250,T-39,0,0
G-0140,M-1934-17,T-20,P-02061,T-20,0,0
G-0141,M-1938-01,T-72,P-05367,T-72,0,0
G-0142,M-1938-01,T-29,P-01368,T-29,0,0
G-0143,M-1938-02,T-18,P-05379,T-18,0,0
G-0144,M-1938-02,T-18,P-05379,T-18,0,0
G-0145,M-1938-02,T-18,P-01298,T-18,0,0
G-0146,M-1938-02,T-58,P-05831,T-58,0,0
G-0147,M-1938-02,T-58,P-01365,T-58,0,0
G-0148,M-1938-02,T-58,P-08716,T-58,0,0
G-0149,M-1938-03,T-28,P-06225,T-28,0,0
G-0150,M-1938-03,T-28,P-01289,T-28,0,0
G-0151,M-1938-03,T-28,P-01289,T-28,0,0
G-0152,M-1938-03,T-06,P-02231,T-06,0,0
G-0153,M-1938-04,T-34,P-07816,T-34,0,0
G-0154,M-1938-04,T-34,P-07150,T-34,0,0
G-0155,M-1938-04,T-34,P-02366,T-34,0,0
G-0156,M-1938-04,T-34,P-02366,T-34,0,0
G-0157,M-1938-04,T-34,P-04466,T-34,0,0
G-0158,M-1938-04,T-34,P-04466,T-34,0,0
G-0159,M-1938-05,T-39,P-00963,T-39,0,0
G-0160,M-1938-05,T-39,P-08824,T-39,0,0
G-0161,M-1938-05,T-51,P-00254,T-51,0,0
G-0162,M-1938-06,T-09,P-03023,T-09,0,0
G-0163,M-1938-06,T-09,P-03023,T-09,0,0
G-0164,M-1938-06,T-09,P-03023,T-09,0,0
G-0165,M-1938-06,T-09,P-06138,T-09,0,0
G-0166,M-1938-06,T-09,P-00023,T-09,0,0
G-0167,M-1938-06,T-09,P-00023,T-09,0,0
G-0168,M-1938-06,T-55,P-08493,T-55,0,1
G-0169,M-1938-06,T-55,P-00461,T-55,0,0
G-0170,M-1938-06,T-55,P-00461,T-55,0,0
G-0171,M-1938-06,T-55,P-00461,T-55,0,0
G-0172,M-1938-06,T-55,P-00461,T-55,0,0
G-0173,M-1938-07,T-20,P-01268,T-20,0,0
G-0174,M-1938-07,T-20,P-06064,T-20,0,0
G-0175,M-1938-07,T-20,P-05627,T-20,0,0
G-0176,M-1938-08,T-18,P-05379,T-18,0,0
G-0177,M-1938-08,T-18,P-01184,T-18,0,0
G-0178,M-1938-08,T-58,P-08716,T-58,0,0
G-0179,M-1938-09,T-72,P-06459,T-72,0,0
G-0180,M-1938-09,T-72,P-01417,T-72,0,0
G-0181,M-1938-09,T-72,P-05367,T-72,0,0
G-0182,M-1938-09,T-72,P-05367,T-72,0,0
G-0183,M-1938-09,T-29,P-04109,T-29,0,0
G-0184,M-1938-09,T-29,P-09000,T-72,1,0
G-0185,M-1938-10,T-09,P-03023,T-09,0,0
G-0186,M-1938-10,T-20,P-05627,T-20,0,1
G-0187,M-1938-11,T-34,P-02366,T-34,0,0
G-0188,M-1938-11,T-34,P-04466,T-34,0,0
G-0189,M-1938-12,T-39,P-03238,T-39,0,0
G-0190,M-1938-12,T-39,P-08824,T-39,0,0
G-0191,M-1938-12,T-39,P-08824,T-39,0,0
G-0192,M-1938-12,T-28,P-01176,T-28,0,0
G-0193,M-1938-13,T-71,P-02236,T-71,0,0
G-0194,M-1938-13,T-71,P-02236,T-71,0,0
G-0195,M-1938-13,T-71,P-02236,T-71,0,0
G-0196,M-1938-13,T-71,P-08959,T-71,0,0
G-0197,M-1938-13,T-71,P-08959,T-71,0,0
G-0198,M-1938-13,T-71,P-08959,T-71,0,0
G-0199,M-1938-13,T-71,P-05555,T-71,0,0
G-0200,M-1938-13,T-71,P-06562,T-71,0,0
G-0201,M-1938-14,T-09,P-03023,T-09,0,0
G-0202,M-1938-14,T-09,P-04054,T-09,0,0
G-0203,M-1938-14,T-20,P-03747,T-20,0,0
G-0204,M-1938-15,T-34,P-02582,T-34,0,0
G-0205,M-1938-15,T-34,P-04466,T-34,0,0
G-0206,M-1938-15,T-34,P-04466,T-34,0,0
G-0207,M-1938-15,T-34,P-02366,T-34,0,0
G-0208,M-1938-15,T-71,P-06562,T-71,0,0
G-0209,M-1938-15,T-34,P-05054,T-71,1,0
G-0210,M-1938-16,T-39,P-03238,T-39,0,0
G-0211,M-1938-16,T-39,P-03621,T-39,0,1
G-0212,M-1938-16,T-09,P-06138,T-09,0,0
G-0213,M-1938-17,T-09,P-06138,T-09,0,0
G-0214,M-1938-17,T-09,P-03023,T-09,0,0
G-0215,M-1938-17,T-09,P-03023,T-09,0,0
G-0216,M-1938-17,T-09,P-00023,T-09,0,0
G-0217,M-1938-17,T-71,P-06290,T-71,0,0
G-0218,M-1938-17,T-71,P-06562,T-71,0,0
G-0219,M-1938-18,T-39,P-03238,T-39,0,0
G-0220,M-1938-18,T-39,P-03238,T-39,0,0
G-0221,M-1938-18,T-39,P-08824,T-39,0,0
G-0222,M-1938-18,T-39,P-08824,T-39,0,0
G-0223,M-1938-18,T-34,P-02582,T-34,0,0
G-0224,M-1938-18,T-34,P-02366,T-34,0,0
G-0225,M-1950-01,T-09,P-04188,T-09,0,0
G-0226,M-1950-01,T-09,P-04188,T-09,0,0
G-0227,M-1950-01,T-09,P-06471,T-09,0,0
G-0228,M-1950-01,T-09,P-02090,T-09,0,0
G-0229,M-1950-02,T-83,P-07614,T-83,0,0
G-0230,M-1950-02,T-83,P-06934,T-83,0,0
G-0231,M-1950-02,T-83,P-04537,T-83,0,0
G-0232,M-1950-03,T-27,P-07259,T-27,0,0
G-0233,M-1950-03,T-27,P-04023,T-27,0,0
G-0234,M-1950-04,T-70,P-03617,T-70,0,0
G-0235,M-1950-04,T-70,P-08187,T-70,0,0
G-0236,M-1950-04,T-70,P-03281,T-70,0,0
G-0237,M-1950-04,T-79,P-01452,T-79,0,0
G-0238,M-1950-05,T-71,P-00166,T-71,0,0
G-0239,M-1950-05,T-71,P-00166,T-71,0,0
G-0240,M-1950-05,T-71,P-06904,T-71,0,0
G-0241,M-1950-05,T-39,P-08248,T-39,0,0
G-0242,M-1950-05,T-39,P-00854,T-39,0,0
G-0243,M-1950-06,T-09,P-00257,T-09,0,0
G-0244,M-1950-06,T-09,P-02090,T-09,0,0
G-0245,M-1950-06,T-72,P-08600,T-72,0,0
G-0246,M-1950-06,T-72,P-08600,T-72,0,0
G-0247,M-1950-07,T-83,P-04917,T-83,0,0
G-0248,M-1950-07,T-83,P-06963,T-83,0,0
G-0249,M-1950-07,T-83,P-06963,T-83,0,0
G-0250,M-1950-07,T-83,P-06934,T-83,0,0
G-0251,M-1950-07,T-44,P-01505,T-44,0,1
G-0252,M-1950-08,T-70,P-08187,T-70,0,0
G-0253,M-1950-08,T-70,P-03281,T-70,0,0
G-0254,M-1950-09,T-79,P-00852,T-79,0,0
G-0255,M-1950-10,T-71,P-06002,T-71,0,0
G-0256,M-1950-10,T-71,P-09097,T-71,0,0
G-0257,M-1950-10,T-53,P-02013,T-53,0,0
G-0258,M-1950-10,T-53,P-04742,T-53,0,0
G-0259,M-1950-11,T-09,P-04188,T-09,0,0
G-0260,M-1950-11,T-09,P-05390,T-09,0,0
G-0261,M-1950-12,T-13,P-09540,T-13,0,0
G-0262,M-1950-12,T-13,P-07187,T-13,0,0
G-0263,M-1950-12,T-13,P-07187,T-13,0,0
G-0264,M-1950-12,T-13,P-03441,T-13,0,0
G-0265,M-1950-12,T-13,P-09291,T-13,0,0
G-0266,M-1950-12,T-79,P-00014,T-79,0,0
G-0267,M-1950-12,T-79,P-08718,T-79,0,1
G-0268,M-1950-13,T-70,P-03281,T-70,0,0
G-0269,M-1950-14,T-39,P-08248,T-39,0,0
G-0270,M-1950-14,T-39,P-04878,T-39,0,0
G-0271,M-1950-15,T-80,P-06216,T-80,0,0
G-0272,M-1950-15,T-80,P-06216,T-80,0,0
G-0273,M-1950-15,T-80,P-06216,T-80,0,0
G-0274,M-1950-15,T-80,P-02966,T-80,0,0
G-0275,M-1950-15,T-80,P-08519,T-80,0,0
G-0276,M-1950-15,T-80,P-08519,T-80,0,0
G-0277,M-1950-15,T-80,P-03134,T-80,0,0
G-0278,M-1950-15,T-80,P-02673,T-80,0,0
G-0279,M-1950-16,T-72,P-01810,T-72,0,0
G-0280,M-1950-16,T-72,P-09805,T-72,0,0
G-0281,M-1950-16,T-44,P-06574,T-44,0,0
G-0282,M-1950-17,T-09,P-04188,T-09,0,0
G-0283,M-1950-17,T-09,P-04188,T-09,0,0
G-0284,M-1950-17,T-09,P-04188,T-09,0,0
G-0285,M-1950-17,T-09,P-04188,T-09,0,0
G-0286,M-1950-17,T-09,P-02577,T-09,0,0
G-0287,M-1950-17,T-09,P-02577,T-09,0,0
G-0288,M-1950-17,T-09,P-04673,T-09,0,0
G-0289,M-1950-17,T-71,P-06904,T-71,0,1
G-0290,M-1950-18,T-80,P-02673,T-80,0,0
G-0291,M-1950-18,T-80,P-09349,T-80,0,0
G-0292,M-1950-18,T-70,P-08187,T-70,0,0
G-0293,M-1950-18,T-70,P-08187,T-70,0,0
G-0294,M-1950-19,T-09,P-04188,T-09,0,0
G-0295,M-1950-19,T-09,P-06471,T-09,0,0
G-0296,M-1950-19,T-09,P-02577,T-09,0,0
G-0297,M-1950-19,T-09,P-02577,T-09,0,0
G-0298,M-1950-19,T-09,P-04188,T-09,0,0
G-0299,M-1950-19,T-09,P-05390,T-09,0,0
G-0300,M-1950-19,T-70,P-03617,T-70,0,0
G-0301,M-1950-20,T-80,P-02673,T-80,0,0
G-0302,M-1950-20,T-80,P-06216,T-80,0,0
G-0303,M-1950-20,T-80,P-06216,T-80,0,0
G-0304,M-1950-20,T-71,P-09097,T-71,0,0
G-0305,M-1950-20,T-71,P-06002,T-71,0,0
G-0306,M-1950-21,T-71,P-06002,T-71,0,0
G-0307,M-1950-21,T-71,P-05765,T-71,0,0
G-0308,M-1950-21,T-71,P-09097,T-71,0,0
G-0309,M-1950-21,T-70,P-03281,T-70,0,0
G-0310,M-1950-22,T-80,P-08519,T-80,0,0
G-0311,M-1950-22,T-80,P-02673,T-80,0,0
G-0312,M-1950-22,T-09,P-00745,T-09,0,0
G-0313,M-1954-01,T-09,P-02090,T-09,0,0
G-0314,M-1954-01,T-09,P-09343,T-09,0,0
G-0315,M-1954-01,T-09,P-01463,T-09,0,0
G-0316,M-1954-01,T-09,P-01463,T-09,0,0
G-0317,M-1954-01,T-09,P-09713,T-09,0,0
G-0318,M-1954-02,T-83,P-05338,T-83,0,0
G-0319,M-1954-03,T-05,P-01943,T-05,0,0
G-0320,M-1954-04,T-80,P-06216,T-80,0,0
G-0321,M-1954-04,T-80,P-08519,T-80,0,0
G-0322,M-1954-05,T-72,P-01567,T-72,0,0
G-0323,M-1954-05,T-72,P-05476,T-72,0,0
G-0324,M-1954-05,T-39,P-09693,T-39,0,0
G-0325,M-1954-06,T-34,P-03793,T-34,0,0
G-0326,M-1954-06,T-34,P-03793,T-34,0,0
G-0327,M-1954-06,T-34,P-04992,T-34,0,0
G-0328,M-1954-06,T-34,P-07498,T-34,0,0
G-0329,M-1954-06,T-34,P-07498,T-34,0,0
G-0330,M-1954-06,T-34,P-07498,T-34,0,0
G-0331,M-1954-06,T-34,P-00157,T-34,0,0
G-0332,M-1954-06,T-34,P-05477,T-34,0,0
G-0333,M-1954-06,T-34,P-05477,T-34,0,0
G-0334,M-1954-07,T-82,P-09457,T-82,0,0
G-0335,M-1954-07,T-82,P-02472,T-82,0,0
G-0336,M-1954-07,T-82,P-00546,T-82,0,0
G-0337,M-1954-07,T-82,P-01070,T-82,0,0
G-0338,M-1954-07,T-76,P-00803,T-76,0,0
G-0339,M-1954-08,T-27,P-08640,T-27,0,0
G-0340,M-1954-08,T-27,P-08640,T-27,0,0
G-0341,M-1954-08,T-27,P-05298,T-27,0,0
G-0342,M-1954-08,T-27,P-05298,T-27,0,0
G-0343,M-1954-08,T-06,P-08269,T-06,0,0
G-0344,M-1954-08,T-06,P-08269,T-06,0,0
G-0345,M-1954-08,T-06,P-00146,T-06,0,0
G-0346,M-1954-08,T-06,P-06077,T-27,1,0
G-0347,M-1954-09,T-80,P-02079,T-80,0,0
G-0348,M-1954-09,T-80,P-02079,T-80,0,0
G-0349,M-1954-09,T-80,P-02079,T-80,0,0
G-0350,M-1954-09,T-80,P-06216,T-80,0,0
G-0351,M-1954-09,T-80,P-06216,T-80,0,0
G-0352,M-1954-09,T-80,P-06675,T-80,0,0
G-0353,M-1954-09,T-80,P-06675,T-80,0,0
G-0354,M-1954-10,T-09,P-09343,T-09,0,0
G-0355,M-1954-10,T-83,P-02177,T-83,0,0
G-0356,M-1954-11,T-05,P-04091,T-05,0,0
G-0357,M-1954-11,T-05,P-04091,T-05,0,0
G-0358,M-1954-11,T-05,P-01943,T-05,0,0
G-0359,M-1954-11,T-05,P-01943,T-05,0,0
G-0360,M-1954-11,T-05,P-01943,T-05,0,0
G-0361,M-1954-12,T-28,P-08257,T-28,0,0
G-0362,M-1954-12,T-28,P-07100,T-28,0,1
G-0363,M-1954-12,T-44,P-08285,T-44,0,0
G-0364,M-1954-12,T-44,P-04833,T-44,0,0
G-0365,M-1954-12,T-28,P-05812,T-44,1,0
G-0366,M-1954-13,T-34,P-07498,T-34,0,0
G-0367,M-1954-13,T-34,P-07498,T-34,0,0
G-0368,M-1954-13,T-34,P-07498,T-34,0,0
G-0369,M-1954-13,T-34,P-07498,T-34,0,0
G-0370,M-1954-13,T-34,P-03793,T-34,0,0
G-0371,M-1954-13,T-34,P-09699,T-34,0,0
G-0372,M-1954-13,T-34,P-09699,T-34,0,0
G-0373,M-1954-13,T-34,P-07881,T-34,0,0
G-0374,M-1954-13,T-82,P-01092,T-82,0,0
G-0375,M-1954-13,T-82,P-08148,T-82,0,0
G-0376,M-1954-13,T-82,P-02291,T-82,0,0
G-0377,M-1954-14,T-76,P-00803,T-76,0,0
G-0378,M-1954-14,T-76,P-00803,T-76,0,0
G-0379,M-1954-14,T-76,P-07363,T-76,0,0
G-0380,M-1954-14,T-76,P-03219,T-76,0,0
G-0381,M-1954-14,T-76,P-03219,T-76,0,0
G-0382,M-1954-14,T-76,P-03219,T-76,0,0
G-0383,M-1954-14,T-76,P-09778,T-76,0,0
G-0384,M-1954-15,T-39,P-04878,T-39,0,1
G-0385,M-1954-15,T-39,P-05857,T-39,0,0
G-0386,M-1954-15,T-39,P-09426,T-39,0,0
G-0387,M-1954-15,T-39,P-08131,T-39,0,0
G-0388,M-1954-15,T-06,P-08269,T-06,0,0
G-0389,M-1954-16,T-27,P-09687,T-27,0,0
G-0390,M-1954-16,T-27,P-01966,T-27,0,0
G-0391,M-1954-17,T-82,P-00546,T-82,0,0
G-0392,M-1954-17,T-82,P-09457,T-82,0,0
G-0393,M-1954-17,T-82,P-09457,T-82,0,0
G-0394,M-1954-17,T-82,P-01070,T-82,0,0
G-0395,M-1954-17,T-82,P-01070,T-82,0,0
G-0396,M-1954-17,T-82,P-01070,T-82,0,0
G-0397,M-1954-17,T-82,P-05420,T-82,0,0
G-0398,M-1954-17,T-76,P-01846,T-76,0,0
G-0399,M-1954-17,T-76,P-07363,T-76,0,0
G-0400,M-1954-18,T-72,P-05476,T-72,0,0
G-0401,M-1954-18,T-72,P-05476,T-72,0,0
G-0402,M-1954-18,T-72,P-01567,T-72,0,0
G-0403,M-1954-18,T-72,P-08600,T-72,0,0
G-0404,M-1954-18,T-39,P-08515,T-39,0,0
G-0405,M-1954-19,T-05,P-04633,T-05,0,0
G-0406,M-1954-19,T-05,P-04633,T-05,0,0
G-0407,M-1954-19,T-05,P-04633,T-05,0,0
G-0408,M-1954-19,T-05,P-01034,T-05,0,0
G-0409,M-1954-19,T-05,P-01034,T-05,0,0
G-0410,M-1954-19,T-05,P-00335,T-05,0,0
G-0411,M-1954-19,T-05,P-01943,T-05,0,0
G-0412,M-1954-19,T-72,P-01567,T-72,0,0
G-0413,M-1954-19,T-72,P-01567,T-72,0,0
G-0414,M-1954-19,T-72,P-05476,T-72,0,0
G-0415,M-1954-19,T-72,P-05476,T-72,0,0
G-0416,M-1954-19,T-72,P-05476,T-72,0,0
G-0417,M-1954-20,T-80,P-02079,T-80,0,0
G-0418,M-1954-20,T-80,P-09349,T-80,0,0
G-0419,M-1954-20,T-80,P-08519,T-80,0,0
G-0420,M-1954-20,T-80,P-01170,T-80,0,0
G-0421,M-1954-20,T-27,P-05298,T-27,0,0
G-0422,M-1954-20,T-27,P-03077,T-27,0,0
G-0423,M-1954-21,T-34,P-09699,T-34,0,0
G-0424,M-1954-21,T-34,P-07498,T-34,0,0
G-0425,M-1954-21,T-34,P-07498,T-34,0,0
G-0426,M-1954-21,T-34,P-04992,T-34,0,1
G-0427,M-1954-21,T-09,P-08651,T-09,0,1
G-0428,M-1954-21,T-09,P-09713,T-09,0,0
G-0429,M-1954-22,T-82,P-08148,T-82,0,0
G-0430,M-1954-22,T-82,P-06792,T-83,1,0
G-0431,M-1954-23,T-34,P-00157,T-34,0,0
G-0432,M-1954-23,T-34,P-09699,T-34,0,0
G-0433,M-1954-23,T-34,P-07498,T-34,0,0
G-0434,M-1954-23,T-34,P-07498,T-34,0,0
G-0435,M-1954-23,T-80,P-07520,T-80,0,0
G-0436,M-1954-23,T-80,P-07520,T-80,0,0
G-0437,M-1954-24,T-82,P-09457,T-82,0,0
G-0438,M-1954-24,T-82,P-01070,T-82,0,0
G-0439,M-1954-24,T-82,P-05420,T-82,0,1
G-0440,M-1954-24,T-82,P-05420,T-82,0,1
G-0441,M-1954-24,T-82,P-00546,T-82,0,0
G-0442,M-1954-24,T-82,P-00546,T-82,0,0
G-0443,M-1954-24,T-05,P-01943,T-05,0,0
G-0444,M-1954-25,T-05,P-04091,T-05,0,1
G-0445,M-1954-25,T-05,P-00335,T-05,0,0
G-0446,M-1954-25,T-80,P-07520,T-80,0,0
G-0447,M-1954-25,T-05,P-03966,T-80,1,0
G-0448,M-1954-26,T-82,P-01070,T-82,0,0
G-0449,M-1954-26,T-82,P-08148,T-82,0,0
G-0450,M-1954-26,T-82,P-08148,T-82,0,0
G-0451,M-1954-26,T-34,P-03793,T-34,0,0
G-0452,M-1954-26,T-34,P-00157,T-34,0,0
G-0453,M-1958-01,T-71,P-06078,T-71,0,0
G-0454,M-1958-01,T-71,P-06078,T-71,0,0
G-0455,M-1958-01,T-71,P-04687,T-71,0,1
G-0456,M-1958-02,T-03,P-00334,T-03,0,0
G-0457,M-1958-02,T-82,P-08148,T-82,0,0
G-0458,M-1958-02,T-82,P-08148,T-82,0,0
G-0459,M-1958-02,T-82,P-04896,T-82,0,0
G-0460,M-1958-03,T-50,P-03481,T-50,0,0
G-0461,M-1958-04,T-28,P-00643,T-28,0,0
G-0462,M-1958-04,T-28,P-00643,T-28,0,0
G-0463,M-1958-04,T-28,P-00643,T-28,0,0
G-0464,M-1958-04,T-28,P-09663,T-28,0,0
G-0465,M-1958-04,T-28,P-01776,T-28,0,0
G-0466,M-1958-04,T-28,P-07100,T-28,0,0
G-0467,M-1958-04,T-28,P-08257,T-28,0,0
G-0468,M-1958-04,T-53,P-07891,T-53,0,0
G-0469,M-1958-04,T-53,P-07891,T-53,0,1
G-0470,M-1958-04,T-53,P-00859,T-53,0,0
G-0471,M-1958-05,T-83,P-00722,T-83,0,0
G-0472,M-1958-05,T-61,P-07617,T-61,0,0
G-0473,M-1958-06,T-34,P-00610,T-34,0,0
G-0474,M-1958-06,T-81,P-04850,T-81,0,0
G-0475,M-1958-07,T-09,P-04236,T-09,0,0
G-0476,M-1958-07,T-09,P-04236,T-09,0,0
G-0477,M-1958-07,T-09,P-04894,T-09,0,0
G-0478,M-1958-08,T-69,P-06130,T-69,0,0
G-0479,M-1958-08,T-69,P-06857,T-69,0,0
G-0480,M-1958-08,T-27,P-07851,T-27,0,0
G-0481,M-1958-08,T-27,P-03077,T-27,0,1
G-0482,M-1958-09,T-03,P-00334,T-03,0,1
G-0483,M-1958-09,T-03,P-04327,T-03,0,0
G-0484,M-1958-09,T-03,P-02403,T-03,0,0
G-0485,M-1958-09,T-50,P-09662,T-50,0,0
G-0486,M-1958-10,T-82,P-09457,T-82,0,0
G-0487,M-1958-10,T-82,P-08148,T-82,0,0
G-0488,M-1958-10,T-20,P-03577,T-20,0,1
G-0489,M-1958-10,T-20,P-00033,T-20,0,0
G-0490,M-1958-11,T-53,P-09997,T-53,0,0
G-0491,M-1958-11,T-53,P-08154,T-53,0,0
G-0492,M-1958-11,T-53,P-08476,T-53,0,0
G-0493,M-1958-11,T-61,P-06392,T-61,0,0
G-0494,M-1958-11,T-61,P-09698,T-61,0,0
G-0495,M-1958-12,T-83,P-00722,T-83,0,0
G-0496,M-1958-12,T-83,P-00923,T-83,0,0
G-0497,M-1958-12,T-83,P-00923,T-83,0,0
G-0498,M-1958-12,T-28,P-00643,T-28,0,0
G-0499,M-1958-12,T-28,P-00643,T-28,0,0
G-0500,M-1958-13,T-44,P-04263,T-44,0,0
G-0501,M-1958-13,T-81,P-06738,T-81,0,0
G-0502,M-1958-15,T-69,P-05753,T-69,0,0
G-0503,M-1958-15,T-69,P-03508,T-69,0,0
G-0504,M-1958-16,T-71,P-06276,T-71,0,0
G-0505,M-1958-16,T-71,P-06276,T-71,0,0
G-0506,M-1958-16,T-34,P-03393,T-34,0,0
G-0507,M-1958-18,T-20,P-03577,T-20,0,0
G-0508,M-1958-18,T-20,P-00033,T-20,0,0
G-0509,M-1958-18,T-20,P-00033,T-20,0,0
G-0510,M-1958-18,T-20,P-00884,T-20,0,0
G-0511,M-1958-18,T-20,P-05314,T-20,0,0
G-0512,M-1958-18,T-20,P-05314,T-20,0,0
G-0513,M-1958-18,T-03,P-00334,T-03,0,1
G-0514,M-1958-19,T-82,P-08148,T-82,0,0
G-0515,M-1958-19,T-82,P-04896,T-82,0,0
G-0516,M-1958-19,T-50,P-09662,T-50,0,0
G-0517,M-1958-19,T-50,P-09662,T-50,0,0
G-0518,M-1958-20,T-28,P-07100,T-28,0,0
G-0519,M-1958-20,T-28,P-00643,T-28,0,0
G-0520,M-1958-20,T-61,P-03076,T-61,0,0
G-0521,M-1958-21,T-53,P-08476,T-53,0,0
G-0522,M-1958-21,T-53,P-09997,T-53,0,0
G-0523,M-1958-21,T-53,P-00859,T-53,0,0
G-0524,M-1958-21,T-83,P-00185,T-83,0,0
G-0525,M-1958-21,T-83,P-00923,T-83,0,0
G-0526,M-1958-21,T-83,P-00476,T-83,0,0
G-0527,M-1958-22,T-34,P-03393,T-34,0,0
G-0528,M-1958-22,T-34,P-03393,T-34,0,0
G-0529,M-1958-22,T-34,P-05727,T-34,0,0
G-0530,M-1958-22,T-34,P-06412,T-34,0,0
G-0531,M-1958-23,T-09,P-01219,T-09,0,0
G-0532,M-1958-23,T-09,P-01219,T-09,0,0
G-0533,M-1958-24,T-27,P-06181,T-27,0,0
G-0534,M-1958-24,T-27,P-07851,T-27,0,0
G-0535,M-1958-24,T-05,P-04528,T-05,0,0
G-0536,M-1958-24,T-05,P-01034,T-05,0,0
G-0537,M-1958-25,T-50,P-09662,T-50,0,0
G-0538,M-1958-25,T-50,P-09662,T-50,0,0
G-0539,M-1958-25,T-20,P-00033,T-20,0,0
G-0540,M-1958-26,T-81,P-06738,T-81,0,0
G-0541,M-1958-26,T-81,P-07511,T-81,0,0
G-0542,M-1958-26,T-34,P-03393,T-34,0,0
G-0543,M-1958-27,T-69,P-05753,T-69,0,0
G-0544,M-1958-28,T-09,P-03795,T-09,0,0
G-0545,M-1958-29,T-28,P-01776,T-28,0,0
G-0546,M-1958-29,T-28,P-00643,T-28,0,0
G-0547,M-1958-29,T-28,P-00643,T-28,0,0
G-0548,M-1958-29,T-28,P-09663,T-28,0,0
G-0549,M-1958-30,T-71,P-06276,T-71,0,0
G-0550,M-1958-30,T-71,P-06078,T-71,0,0
G-0551,M-1958-31,T-82,P-08148,T-82,0,0
G-0552,M-1958-32,T-09,P-01219,T-09,0,0
G-0553,M-1958-32,T-09,P-09343,T-09,0,0
G-0554,M-1958-32,T-09,P-03795,T-09,0,0
G-0555,M-1958-32,T-09,P-03795,T-09,0,0
G-0556,M-1958-32,T-09,P-03795,T-09,0,0
G-0557,M-1958-32,T-28,P-00643,T-28,0,0
G-0558,M-1958-32,T-28,P-09663,T-28,0,0
G-0559,M-1958-33,T-71,P-03611,T-71,0,0
G-0560,M-1958-33,T-71,P-01255,T-71,0,0
G-0561,M-1958-33,T-71,P-06276,T-71,0,0
G-0562,M-1958-33,T-82,P-09457,T-82,0,0
G-0563,M-1958-34,T-28,P-00643,T-28,0,0
G-0564,M-1958-34,T-28,P-00643,T-28,0,0
G-0565,M-1958-34,T-28,P-00643,T-28,0,0
G-0566,M-1958-34,T-28,P-00643,T-28,0,0
G-0567,M-1958-34,T-28,P-07100,T-28,0,1
G-0568,M-1958-34,T-28,P-00529,T-28,0,0
G-0569,M-1958-34,T-82,P-08089,T-82,0,0
G-0570,M-1958-34,T-82,P-08148,T-82,0,0
G-0571,M-1958-34,T-82,P-09457,T-82,0,0
G-0572,M-1958-35,T-09,P-01219,T-09,0,0
G-0573,M-1958-35,T-09,P-01219,T-09,0,0
G-0574,M-1958-35,T-09,P-03795,T-09,0,0
G-0575,M-1958-35,T-09,P-03795,T-09,0,0
G-0576,M-1958-35,T-09,P-07205,T-09,0,0
G-0577,M-1958-35,T-71,P-04687,T-71,0,0
G-0578,M-1958-35,T-71,P-06078,T-71,0,0
G-0579,M-1962-01,T-80,P-05958,T-80,0,0
G-0580,M-1962-01,T-80,P-07640,T-80,0,0
G-0581,M-1962-01,T-15,P-04171,T-15,0,1
G-0582,M-1962-02,T-13,P-06737,T-13,0,0
G-0583,M-1962-02,T-13,P-06737,T-13,0,0
G-0584,M-1962-02,T-13,P-05167,T-13,0,0
G-0585,M-1962-02,T-72,P-03394,T-72,0,0
G-0586,M-1962-03,T-09,P-07205,T-09,0,0
G-0587,M-1962-03,T-09,P-03795,T-09,0,0
G-0588,M-1962-04,T-03,P-01171,T-03,0,0
G-0589,M-1962-05,T-69,P-03508,T-69,0,0
G-0590,M-1962-05,T-69,P-07969,T-69,0,0
G-0591,M-1962-07,T-20,P-09744,T-20,0,0
G-0592,M-1962-08,T-34,P-03393,T-34,0,0
G-0593,M-1962-08,T-34,P-05509,T-34,0,0
G-0594,M-1962-08,T-27,P-07658,T-27,0,1
G-0595,M-1962-09,T-83,P-02360,T-83,0,1
G-0596,M-1962-09,T-83,P-01407,T-83,0,0
G-0597,M-1962-09,T-83,P-00009,T-83,0,0
G-0598,M-1962-09,T-80,P-09550,T-80,0,0
G-0599,M-1962-10,T-13,P-05167,T-13,0,0
G-0600,M-1962-10,T-13,P-02219,T-13,0,0
G-0601,M-1962-12,T-27,P-07658,T-27,0,1
G-0602,M-1962-12,T-27,P-00227,T-27,0,0
G-0603,M-1962-12,T-27,P-00423,T-27,0,0
G-0604,M-1962-12,T-03,P-02950,T-03,0,0
G-0605,M-1962-13,T-69,P-03508,T-69,0,0
G-0606,M-1962-13,T-69,P-03508,T-69,0,0
G-0607,M-1962-13,T-69,P-04699,T-69,0,0
G-0608,M-1962-13,T-69,P-07969,T-69,0,0
G-0609,M-1962-13,T-15,P-03927,T-15,0,0
G-0610,M-1962-13,T-15,P-09847,T-15,0,0
G-0611,M-1962-13,T-15,P-05353,T-15,0,0
G-0612,M-1962-13,T-15,P-01551,T-15,0,0
G-0613,M-1962-14,T-82,P-00943,T-82,0,0
G-0614,M-1962-14,T-82,P-04896,T-82,0,0
G-0615,M-1962-14,T-72,P-06714,T-72,0,0
G-0616,M-1962-15,T-70,P-09918,T-70,0,0
G-0617,M-1962-16,T-34,P-05509,T-34,0,0
G-0618,M-1962-16,T-34,P-05509,T-34,0,0
G-0619,M-1962-16,T-34,P-05509,T-34,0,0
G-0620,M-1962-16,T-34,P-03393,T-34,0,0
G-0621,M-1962-16,T-34,P-03393,T-34,0,0
G-0622,M-1962-16,T-34,P-02463,T-34,0,0
G-0623,M-1962-16,T-10,P-06585,T-10,0,0
G-0624,M-1962-17,T-69,P-06427,T-69,0,0
G-0625,M-1962-17,T-69,P-03508,T-69,0,0
G-0626,M-1962-17,T-80,P-07640,T-80,0,0
G-0627,M-1962-18,T-82,P-08942,T-82,0,1
G-0628,M-1962-18,T-82,P-04896,T-82,0,0
G-0629,M-1962-19,T-09,P-09951,T-09,0,0
G-0630,M-1962-19,T-09,P-09951,T-09,0,0
G-0631,M-1962-19,T-70,P-06220,T-70,0,0
G-0632,M-1962-21,T-83,P-01407,T-83,0,0
G-0633,M-1962-21,T-83,P-01407,T-83,0,0
G-0634,M-1962-21,T-83,P-00009,T-83,0,0
G-0635,M-1962-21,T-83,P-00009,T-83,0,0
G-0636,M-1962-21,T-83,P-05325,T-83,0,0
G-0637,M-1962-22,T-39,P-08455,T-39,0,0
G-0638,M-1962-22,T-39,P-08245,T-39,0,0
G-0639,M-1962-22,T-39,P-08245,T-39,0,0
G-0640,M-1962-23,T-44,P-02774,T-44,0,0
G-0641,M-1962-23,T-44,P-08837,T-44,0,0
G-0642,M-1962-23,T-44,P-07709,T-44,0,1
G-0643,M-1962-23,T-20,P-04294,T-20,0,0
G-0644,M-1962-25,T-09,P-04025,T-09,0,0
G-0645,M-1962-25,T-09,P-04025,T-09,0,0
G-0646,M-1962-25,T-09,P-01219,T-09,0,0
G-0647,M-1962-25,T-27,P-00121,T-27,0,0
G-0648,M-1962-26,T-13,P-06737,T-13,0,0
G-0649,M-1962-26,T-13,P-06161,T-13,0,0
G-0650,M-1962-26,T-69,P-04699,T-69,0,0
G-0651,M-1962-27,T-20,P-05183,T-20,0,0
G-0652,M-1962-28,T-83,P-06222,T-83,0,0
G-0653,M-1962-29,T-09,P-04025,T-09,0,0
G-0654,M-1962-29,T-09,P-04025,T-09,0,0
G-0655,M-1962-29,T-09,P-01219,T-09,0,0
G-0656,M-1962-29,T-09,P-01219,T-09,0,0
G-0657,M-1962-29,T-13,P-02219,T-13,0,0
G-0658,M-1962-29,T-13,P-06737,T-13,0,1
G-0659,M-1962-30,T-20,P-00239,T-20,0,0
G-0660,M-1962-30,T-20,P-05183,T-20,0,0
G-0661,M-1962-30,T-20,P-05183,T-20,0,1
G-0662,M-1962-30,T-83,P-00009,T-83,0,0
G-0663,M-1962-31,T-13,P-06161,T-13,0,0
G-0664,M-1962-32,T-09,P-09951,T-09,0,0
G-0665,M-1962-32,T-09,P-07351,T-09,0,0
G-0666,M-1962-32,T-09,P-01219,T-09,0,0
G-0667,M-1962-32,T-20,P-07840,T-20,0,0
G-0668,M-1966-02,T-82,P-00407,T-82,0,0
G-0669,M-1966-02,T-82,P-08039,T-82,0,0
G-0670,M-1966-02,T-82,P-08039,T-82,0,1
G-0671,M-1966-02,T-82,P-04356,T-82,0,0
G-0672,M-1966-02,T-82,P-04356,T-82,0,0
G-0673,M-1966-03,T-09,P-03795,T-09,0,0
G-0674,M-1966-03,T-09,P-04025,T-09,0,0
G-0675,M-1966-04,T-69,P-03807,T-69,0,0
G-0676,M-1966-04,T-69,P-03807,T-69,0,0
G-0677,M-1966-04,T-69,P-08234,T-69,0,0
G-0678,M-1966-05,T-28,P-06762,T-28,0,0
G-0679,M-1966-05,T-44,P-08563,T-44,0,0
G-0680,M-1966-06,T-03,P-04225,T-03,0,0
G-0681,M-1966-06,T-03,P-04225,T-03,0,0
G-0682,M-1966-06,T-70,P-03074,T-70,0,0
G-0683,M-1966-07,T-56,P-04280,T-56,0,0
G-0684,M-1966-07,T-56,P-04280,T-56,0,0
G-0685,M-1966-07,T-56,P-06238,T-56,0,0
G-0686,M-1966-07,T-34,P-02995,T-34,0,0
G-0687,M-1966-08,T-39,P-09477,T-39,0,0
G-0688,M-1966-08,T-39,P-04647,T-39,0,0
G-0689,M-1966-09,T-80,P-05145,T-80,0,0
G-0690,M-1966-09,T-80,P-08635,T-80,0,0
G-0691,M-1966-09,T-28,P-02009,T-28,0,1
G-0692,M-1966-10,T-70,P-07131,T-70,0,0
G-0693,M-1966-10,T-70,P-07526,T-70,0,0
G-0694,M-1966-10,T-72,P-07846,T-72,0,0
G-0695,M-1966-11,T-34,P-02995,T-34,0,0
G-0696,M-1966-11,T-34,P-06508,T-34,0,0
G-0697,M-1966-11,T-34,P-01793,T-34,0,1
G-0698,M-1966-11,T-09,P-01461,T-09,0,0
G-0699,M-1966-12,T-13,P-06536,T-13,0,1
G-0700,M-1966-12,T-49,P-07378,T-49,0,0
G-0701,M-1966-14,T-56,P-01633,T-56,0,0
G-0702,M-1966-14,T-56,P-06238,T-56,0,0
G-0703,M-1966-14,T-56,P-08517,T-10,1,0
G-0704,M-1966-15,T-69,P-04699,T-69,0,0
G-0705,M-1966-16,T-27,P-00227,T-27,0,0
G-0706,M-1966-16,T-27,P-01893,T-27,0,0
G-0707,M-1966-18,T-03,P-04225,T-03,0,0
G-0708,M-1966-18,T-03,P-08731,T-03,0,0
G-0709,M-1966-19,T-56,P-07450,T-56,0,0
G-0710,M-1966-19,T-56,P-01633,T-56,0,0
G-0711,M-1966-19,T-56,P-01633,T-56,0,0
G-0712,M-1966-19,T-09,P-03172,T-09,0,0
G-0713,M-1966-20,T-49,P-07496,T-49,0,0
G-0714,M-1966-21,T-27,P-01893,T-27,0,0
G-0715,M-1966-21,T-27,P-01893,T-27,0,0
G-0716,M-1966-22,T-82,P-00058,T-82,0,0
G-0717,M-1966-22,T-82,P-04896,T-82,0,0
G-0718,M-1966-22,T-70,P-08506,T-70,0,0
G-0719,M-1966-23,T-34,P-01793,T-34,0,0
G-0720,M-1966-23,T-34,P-02995,T-34,0,0
G-0721,M-1966-23,T-10,P-06361,T-10,0,0
G-0722,M-1966-23,T-34,P-08049,T-10,1,0
G-0723,M-1966-24,T-69,P-06927,T-69,0,0
G-0724,M-1966-24,T-69,P-06927,T-69,0,0
G-0725,M-1966-24,T-13,P-06536,T-13,0,0
G-0726,M-1966-25,T-27,P-03234,T-27,0,0
G-0727,M-1966-26,T-56,P-01633,T-56,0,0
G-0728,M-1966-26,T-56,P-01633,T-56,0,1
G-0729,M-1966-26,T-56,P-01633,T-56,0,0
G-0730,M-1966-26,T-56,P-01633,T-56,0,1
G-0731,M-1966-26,T-56,P-04280,T-56,0,0
G-0732,M-1966-26,T-49,P-07378,T-49,0,0
G-0733,M-1966-26,T-49,P-03904,T-49,0,0
G-0734,M-1966-26,T-49,P-07632,T-49,0,0
G-0735,M-1966-27,T-69,P-04699,T-69,0,0
G-0736,M-1966-27,T-69,P-06927,T-69,0,0
G-0737,M-1966-27,T-34,P-02995,T-34,0,0
G-0738,M-1966-28,T-82,P-08039,T-82,0,0
G-0739,M-1966-28,T-82,P-08039,T-82,0,0
G-0740,M-1966-28,T-82,P-04356,T-82,0,0
G-0741,M-1966-28,T-82,P-04896,T-82,0,0
G-0742,M-1966-29,T-82,P-08039,T-82,0,0
G-0743,M-1966-29,T-82,P-04356,T-82,0,0
G-0744,M-1966-29,T-69,P-06927,T-69,0,0
G-0745,M-1966-30,T-27,P-00227,T-27,0,0
G-0746,M-1966-30,T-27,P-00227,T-27,0,0
G-0747,M-1966-30,T-56,P-01633,T-56,0,1
G-0748,M-1966-31,T-56,P-01633,T-56,0,1
G-0749,M-1966-31,T-56,P-06238,T-56,0,0
G-0750,M-1966-31,T-69,P-03807,T-69,0,0
G-0751,M-1966-32,T-27,P-03234,T-27,0,0
G-0752,M-1966-32,T-27,P-03234,T-27,0,0
G-0753,M-1966-32,T-27,P-03234,T-27,0,0
G-0754,M-1966-32,T-27,P-01405,T-27,0,0
G-0755,M-1966-32,T-82,P-08039,T-82,0,0
G-0756,M-1966-32,T-82,P-01433,T-82,0,0
G-0757,M-1970-02,T-80,P-06360,T-80,0,0
G-0758,M-1970-02,T-80,P-02448,T-80,0,0
G-0759,M-1970-03,T-27,P-03234,T-27,0,0
G-0760,M-1970-04,T-54,P-02248,T-54,0,0
G-0761,M-1970-04,T-54,P-08318,T-54,0,0
G-0762,M-1970-04,T-54,P-01348,T-54,0,0
G-0763,M-1970-04,T-10,P-03135,T-10,0,0
G-0764,M-1970-04,T-10,P-02078,T-10,0,0
G-0765,M-1970-05,T-06,P-02611,T-06,0,0
G-0766,M-1970-05,T-06,P-02611,T-06,0,0
G-0767,M-1970-05,T-06,P-08487,T-06,0,1
G-0768,M-1970-06,T-39,P-01538,T-39,0,0
G-0769,M-1970-07,T-09,P-08138,T-09,0,0
G-0770,M-1970-07,T-09,P-03795,T-09,0,0
G-0771,M-1970-07,T-09,P-07877,T-09,0,0
G-0772,M-1970-07,T-09,P-07877,T-09,0,0
G-0773,M-1970-07,T-20,P-09661,T-20,0,0
G-0774,M-1970-08,T-82,P-04896,T-82,0,0
G-0775,M-1970-08,T-82,P-02483,T-82,0,0
G-0776,M-1970-08,T-45,P-06106,T-45,0,0
G-0777,M-1970-09,T-69,P-07069,T-69,0,0
G-0778,M-1970-09,T-69,P-07069,T-69,0,0
G-0779,M-1970-09,T-69,P-07448,T-69,0,0
G-0780,M-1970-09,T-69,P-09955,T-69,0,0
G-0781,M-1970-09,T-06,P-08487,T-06,0,0
G-0782,M-1970-11,T-58,P-09792,T-58,0,0
G-0783,M-1970-11,T-58,P-04515,T-58,0,1
G-0784,M-1970-11,T-20,P-09661,T-20,0,0
G-0785,M-1970-12,T-54,P-01348,T-54,0,0
G-0786,M-1970-12,T-54,P-01348,T-54,0,0
G-0787,M-1970-12,T-54,P-05315,T-54,0,0
G-0788,M-1970-13,T-44,P-07033,T-44,0,0
G-0789,M-1970-13,T-44,P-07033,T-44,0,0
G-0790,M-1970-13,T-44,P-04083,T-44,0,0
G-0791,M-1970-13,T-44,P-06644,T-44,0,0
G-0792,M-1970-14,T-71,P-03830,T-71,0,0
G-0793,M-1970-14,T-38,P-04002,T-38,0,0
G-0794,M-1970-15,T-09,P-07877,T-09,0,0
G-0795,M-1970-16,T-82,P-02712,T-82,0,0
G-0796,M-1970-16,T-82,P-02483,T-82,0,0
G-0797,M-1970-16,T-82,P-02483,T-82,0,1
G-0798,M-1970-16,T-82,P-02483,T-82,0,0
G-0799,M-1970-16,T-82,P-04896,T-82,0,0
G-0800,M-1970-16,T-10,P-06919,T-10,0,0
G-0801,M-1970-16,T-10,P-07997,T-10,0,0
G-0802,M-1970-17,T-69,P-07069,T-69,0,0
G-0803,M-1970-17,T-69,P-07069,T-69,0,0
G-0804,M-1970-18,T-71,P-00726,T-71,0,0
G-0805,M-1970-19,T-09,P-03795,T-09,0,0
G-0806,M-1970-19,T-09,P-03795,T-09,0,0
G-0807,M-1970-19,T-09,P-07877,T-09,0,0
G-0808,M-1970-19,T-58,P-04515,T-58,0,0
G-0809,M-1970-19,T-58,P-09452,T-58,0,0
G-0810,M-1970-20,T-82,P-02483,T-82,0,0
G-0811,M-1970-20,T-82,P-02483,T-82,0,0
G-0812,M-1970-20,T-82,P-02483,T-82,0,0
G-0813,M-1970-20,T-54,P-01348,T-54,0,0
G-0814,M-1970-21,T-44,P-09033,T-44,0,1
G-0815,M-1970-23,T-27,P-03656,T-27,0,1
G-0816,M-1970-24,T-10,P-04634,T-10,0,0
G-0817,M-1970-24,T-45,P-09904,T-45,0,0
G-0818,M-1970-25,T-09,P-08138,T-09,0,0
G-0819,M-1970-25,T-09,P-01461,T-09,0,0
G-0820,M-1970-25,T-09,P-01461,T-09,0,0
G-0821,M-1970-25,T-09,P-07877,T-09,0,0
G-0822,M-1970-25,T-54,P-02248,T-54,0,0
G-0823,M-1970-25,T-54,P-01348,T-54,0,0
G-0824,M-1970-26,T-39,P-04465,T-39,0,0
G-0825,M-1970-26,T-39,P-04465,T-39,0,0
G-0826,M-1970-26,T-39,P-05966,T-39,0,0
G-0827,M-1970-26,T-44,P-00763,T-44,0,0
G-0828,M-1970-26,T-39,P-01353,T-44,1,0
G-0829,M-1970-27,T-80,P-06766,T-80,0,0
G-0830,M-1970-28,T-82,P-04356,T-82,0,0
G-0831,M-1970-28,T-82,P-04896,T-82,0,0
G-0832,M-1970-28,T-82,P-02483,T-82,0,0
G-0833,M-1970-28,T-27,P-01041,T-27,0,0
G-0834,M-1970-28,T-27,P-01405,T-27,0,0
G-0835,M-1970-29,T-09,P-04805,T-09,0,0
G-0836,M-1970-29,T-09,P-07877,T-09,0,0
G-0837,M-1970-29,T-09,P-08138,T-09,0,0
G-0838,M-1970-29,T-80,P-05958,T-80,0,0
G-0839,M-1970-30,T-39,P-08646,T-39,0,0
G-0840,M-1970-30,T-39,P-00130,T-39,0,0
G-0841,M-1970-30,T-39,P-04465,T-39,0,0
G-0842,M-1970-30,T-39,P-05966,T-39,0,0
G-0843,M-1970-30,T-82,P-06318,T-82,0,0
G-0844,M-1970-30,T-82,P-02483,T-82,0,0
G-0845,M-1970-30,T-82,P-02483,T-82,0,0
G-0846,M-1970-31,T-82,P-01728,T-82,0,0
G-0847,M-1970-32,T-09,P-03795,T-09,0,0
G-0848,M-1970-32,T-09,P-03612,T-09,0,0
G-0849,M-1970-32,T-09,P-07877,T-09,0,0
G-0850,M-1970-32,T-09,P-02917,T-09,0,0
G-0851,M-1970-32,T-39,P-08646,T-39,0,0
G-0852,M-1974-02,T-82,P-02216,T-82,0,0
G-0853,M-1974-03,T-23,P-03168,T-23,0,0
G-0854,M-1974-03,T-23,P-01029,T-04,1,0
G-0855,M-1974-04,T-61,P-09399,T-61,0,0
G-0856,M-1974-04,T-61,P-05720,T-61,0,0
G-0857,M-1974-06,T-46,P-02210,T-46,0,0
G-0858,M-1974-06,T-46,P-02210,T-46,0,0
G-0859,M-1974-07,T-39,P-05966,T-39,0,0
G-0860,M-1974-07,T-39,P-08612,T-39,0,0
G-0861,M-1974-07,T-39,P-03727,T-39,0,0
G-0862,M-1974-07,T-32,P-00406,T-32,0,0
G-0863,M-1974-08,T-55,P-07200,T-55,0,0
G-0864,M-1974-08,T-55,P-07200,T-55,0,0
G-0865,M-1974-08,T-55,P-00830,T-55,0,0
G-0866,M-1974-08,T-03,P-08315,T-03,0,0
G-0867,M-1974-08,T-03,P-04660,T-03,0,0
G-0868,M-1974-09,T-82,P-01728,T-82,0,0
G-0869,M-1974-09,T-82,P-05060,T-82,0,0
G-0870,M-1974-09,T-82,P-02483,T-82,0,0
G-0871,M-1974-10,T-13,P-01444,T-13,0,0
G-0872,M-1974-10,T-23,P-08802,T-23,0,0
G-0873,M-1974-12,T-83,P-09420,T-83,0,0
G-0874,M-1974-12,T-83,P-09420,T-83,0,0
G-0875,M-1974-12,T-83,P-09420,T-83,0,0
G-0876,M-1974-12,T-83,P-04417,T-83,0,0
G-0877,M-1974-12,T-83,P-04912,T-83,0,0
G-0878,M-1974-12,T-83,P-06853,T-83,0,0
G-0879,M-1974-12,T-83,P-00654,T-83,0,0
G-0880,M-1974-12,T-83,P-08734,T-83,0,0
G-0881,M-1974-12,T-83,P-07052,T-83,0,0
G-0882,M-1974-13,T-10,P-02078,T-10,0,0
G-0883,M-1974-13,T-80,P-03113,T-80,0,0
G-0884,M-1974-15,T-03,P-01388,T-03,0,0
G-0885,M-1974-15,T-39,P-02147,T-03,1,0
G-0886,M-1974-16,T-55,P-07200,T-55,0,0
G-0887,M-1974-16,T-55,P-07200,T-55,0,0
G-0888,M-1974-16,T-55,P-08763,T-55,0,0
G-0889,M-1974-16,T-55,P-00830,T-55,0,0
G-0890,M-1974-16,T-55,P-00830,T-55,0,0
G-0891,M-1974-16,T-55,P-00830,T-55,0,0
G-0892,M-1974-16,T-55,P-02273,T-55,0,0
G-0893,M-1974-18,T-61,P-05720,T-61,0,0
G-0894,M-1974-18,T-83,P-01252,T-83,0,0
G-0895,M-1974-19,T-09,P-07877,T-09,0,0
G-0896,M-1974-19,T-09,P-08138,T-09,0,0
G-0897,M-1974-19,T-09,P-03797,T-09,0,0
G-0898,M-1974-20,T-23,P-02636,T-23,0,0
G-0899,M-1974-21,T-46,P-07695,T-46,0,1
G-0900,M-1974-21,T-46,P-07695,T-46,0,1
G-0901,M-1974-21,T-46,P-02210,T-46,0,0
G-0902,M-1974-21,T-46,P-01173,T-46,0,0
G-0903,M-1974-21,T-10,P-02465,T-46,1,0
G-0904,M-1974-22,T-71,P-05385,T-71,0,0
G-0905,M-1974-22,T-71,P-05385,T-71,0,0
G-0906,M-1974-22,T-71,P-08549,T-71,0,0
G-0907,M-1974-23,T-03,P-07742,T-03,0,0
G-0908,M-1974-23,T-03,P-07742,T-03,0,0
G-0909,M-1974-23,T-03,P-01388,T-03,0,0
G-0910,M-1974-23,T-03,P-03494,T-03,0,0
G-0911,M-1974-23,T-32,P-00406,T-32,0,0
G-0912,M-1974-24,T-55,P-00830,T-55,0,0
G-0913,M-1974-24,T-55,P-08763,T-55,0,0
G-0914,M-1974-24,T-39,P-07878,T-39,0,0
G-0915,M-1974-25,T-82,P-02216,T-82,0,0
G-0916,M-1974-25,T-82,P-02483,T-82,0,0
G-0917,M-1974-26,T-09,P-08138,T-09,0,0
G-0918,M-1974-27,T-46,P-04432,T-46,0,0
G-0919,M-1974-27,T-46,P-04432,T-46,0,0
G-0920,M-1974-27,T-46,P-02465,T-46,0,0
G-0921,M-1974-27,T-46,P-02210,T-46,0,0
G-0922,M-1974-28,T-55,P-07200,T-55,0,0
G-0923,M-1974-29,T-03,P-04193,T-03,0,0
G-0924,M-1974-29,T-09,P-08138,T-09,0,0
G-0925,M-1974-29,T-09,P-07877,T-09,0,0
G-0926,M-1974-30,T-46,P-07695,T-46,0,0
G-0927,M-1974-30,T-46,P-07325,T-46,0,0
G-0928,M-1974-31,T-55,P-08763,T-55,0,1
G-0929,M-1974-31,T-55,P-07200,T-55,0,0
G-0930,M-1974-31,T-83,P-01252,T-83,0,0
G-0931,M-1974-32,T-82,P-01728,T-82,0,0
G-0932,M-1974-32,T-82,P-05466,T-82,0,0
G-0933,M-1974-32,T-82,P-05887,T-82,0,0
G-0934,M-1974-32,T-82,P-09543,T-82,0,1
G-0935,M-1974-32,T-71,P-05385,T-71,0,0
G-0936,M-1974-32,T-71,P-08549,T-71,0,0
G-0937,M-1974-33,T-82,P-02483,T-82,0,0
G-0938,M-1974-34,T-03,P-01388,T-03,0,0
G-0939,M-1974-34,T-23,P-03168,T-23,0,0
G-0940,M-1974-35,T-46,P-07695,T-46,0,0
G-0941,M-1974-35,T-46,P-04432,T-46,0,0
G-0942,M-1974-36,T-71,P-05385,T-71,0,0
G-0943,M-1974-36,T-71,P-07472,T-71,0,0
G-0944,M-1974-36,T-83,P-04912,T-83,0,0
G-0945,M-1974-37,T-55,P-07200,T-55,0,0
G-0946,M-1974-38,T-46,P-07695,T-46,0,1
G-0947,M-1974-38,T-82,P-02216,T-82,0,1
G-0948,M-1974-38,T-82,P-02483,T-82,0,0
G-0949,M-1978-02,T-39,P-08703,T-39,0,0
G-0950,M-1978-02,T-39,P-07176,T-39,0,0
G-0951,M-1978-02,T-28,P-02000,T-28,0,0
G-0952,M-1978-03,T-75,P-07717,T-75,0,0
G-0953,M-1978-03,T-75,P-02826,T-75,0,0
G-0954,M-1978-03,T-75,P-03642,T-75,0,0
G-0955,M-1978-03,T-44,P-07268,T-44,0,1
G-0956,M-1978-04,T-03,P-00328,T-03,0,0
G-0957,M-1978-04,T-03,P-05050,T-03,0,0
G-0958,M-1978-04,T-34,P-08066,T-34,0,0
G-0959,M-1978-05,T-05,P-02601,T-05,0,0
G-0960,M-1978-05,T-05,P-06890,T-05,0,0
G-0961,M-1978-05,T-70,P-08401,T-70,0,0
G-0962,M-1978-06,T-09,P-08877,T-09,0,0
G-0963,M-1978-06,T-71,P-01558,T-71,0,0
G-0964,M-1978-07,T-46,P-07325,T-46,0,1
G-0965,M-1978-07,T-46,P-07325,T-46,0,0
G-0966,M-1978-07,T-46,P-07325,T-46,0,1
G-0967,M-1978-08,T-54,P-07344,T-54,0,0
G-0968,M-1978-08,T-54,P-01348,T-54,0,0
G-0969,M-1978-08,T-54,P-01348,T-54,0,0
G-0970,M-1978-08,T-61,P-05720,T-61,0,0
G-0971,M-1978-09,T-39,P-08703,T-39,0,0
G-0972,M-1978-09,T-39,P-02699,T-39,0,0
G-0973,M-1978-09,T-39,P-08612,T-39,0,0
G-0974,M-1978-09,T-34,P-03030,T-34,0,1
G-0975,M-1978-10,T-55,P-07200,T-55,0,0
G-0976,M-1978-11,T-82,P-00538,T-82,0,0
G-0977,M-1978-11,T-82,P-07727,T-82,0,0
G-0978,M-1978-11,T-82,P-08975,T-82,0,0
G-0979,M-1978-11,T-82,P-08975,T-82,0,0
G-0980,M-1978-11,T-82,P-02716,T-82,0,0
G-0981,M-1978-11,T-82,P-02716,T-82,0,0
G-0982,M-1978-12,T-03,P-00705,T-03,0,1
G-0983,M-1978-12,T-03,P-00328,T-03,0,0
G-0984,M-1978-12,T-28,P-07530,T-28,0,0
G-0985,M-1978-13,T-05,P-06890,T-05,0,1
G-0986,M-1978-16,T-36,P-02042,T-36,0,0
G-0987,M-1978-16,T-61,P-07254,T-36,1,0
G-0988,M-1978-17,T-28,P-03471,T-28,0,0
G-0989,M-1978-17,T-28,P-07675,T-28,0,0
G-0990,M-1978-17,T-28,P-00360,T-28,0,0
G-0991,M-1978-17,T-34,P-06710,T-34,0,0
G-0992,M-1978-18,T-55,P-05351,T-55,0,0
G-0993,M-1978-18,T-55,P-05351,T-55,0,0
G-0994,M-1978-18,T-55,P-08763,T-55,0,0
G-0995,M-1978-18,T-44,P-01420,T-44,0,0
G-0996,M-1978-20,T-39,P-02699,T-39,0,0
G-0997,M-1978-21,T-09,P-06608,T-09,0,0
G-0998,M-1978-22,T-70,P-02795,T-70,0,0
G-0999,M-1978-23,T-54,P-01919,T-54,0,0
G-1000,M-1978-23,T-54,P-01348,T-54,0,1
G-1001,M-1978-23,T-54,P-01348,T-54,0,1
G-1002,M-1978-23,T-54,P-01348,T-54,0,0
G-1003,M-1978-23,T-36,P-00304,T-36,0,0
G-1004,M-1978-24,T-61,P-04509,T-61,0,0
G-1005,M-1978-24,T-61,P-04060,T-61,0,1
G-1006,M-1978-24,T-61,P-04060,T-61,0,0
G-1007,M-1978-24,T-46,P-07325,T-46,0,1
G-1008,M-1978-24,T-46,P-02210,T-46,0,0
G-1009,M-1978-25,T-05,P-05506,T-05,0,0
G-1010,M-1978-25,T-46,P-03043,T-46,0,0
G-1011,M-1978-25,T-46,P-07325,T-46,0,1
G-1012,M-1978-25,T-46,P-02210,T-46,0,0
G-1013,M-1978-25,T-46,P-02210,T-46,0,0
G-1014,M-1978-25,T-46,P-03042,T-46,0,0
G-1015,M-1978-27,T-09,P-02014,T-09,0,0
G-1016,M-1978-27,T-09,P-02014,T-09,0,0
G-1017,M-1978-27,T-09,P-03653,T-09,0,1
G-1018,M-1978-28,T-03,P-07202,T-03,0,0
G-1019,M-1978-28,T-03,P-07202,T-03,0,0
G-1020,M-1978-29,T-55,P-00830,T-55,0,0
G-1021,M-1978-30,T-39,P-08703,T-39,0,0
G-1022,M-1978-31,T-46,P-09366,T-46,0,0
G-1023,M-1978-31,T-46,P-02579,T-46,0,0
G-1024,M-1978-31,T-82,P-03561,T-82,0,0
G-1025,M-1978-31,T-82,P-00538,T-82,0,0
G-1026,M-1978-33,T-05,P-06890,T-05,0,0
G-1027,M-1978-33,T-05,P-06890,T-05,0,0
G-1028,M-1978-33,T-82,P-08975,T-82,0,0
G-1029,M-1978-33,T-82,P-03861,T-82,0,0
G-1030,M-1978-33,T-05,P-00329,T-82,1,0
G-1031,M-1978-34,T-46,P-03043,T-46,0,0
G-1032,M-1978-34,T-46,P-09366,T-46,0,0
G-1033,M-1978-34,T-39,P-03043,T-46,1,0
G-1034,M-1978-35,T-09,P-08465,T-09,0,0
G-1035,M-1978-35,T-09,P-06608,T-09,0,0
G-1036,M-1978-35,T-09,P-06608,T-09,0,0
G-1037,M-1978-35,T-55,P-07200,T-55,0,0
G-1038,M-1978-36,T-03,P-07202,T-03,0,0
G-1039,M-1978-36,T-03,P-07202,T-03,0,0
G-1040,M-1978-36,T-03,P-06305,T-03,0,0
G-1041,M-1978-36,T-03,P-00328,T-03,0,0
G-1042,M-1978-36,T-03,P-00328,T-03,0,0
G-1043,M-1978-36,T-03,P-01388,T-03,0,0
G-1044,M-1978-37,T-09,P-08465,T-09,0,0
G-1045,M-1978-37,T-09,P-02014,T-09,0,0
G-1046,M-1978-37,T-39,P-01918,T-39,0,0
G-1047,M-1978-38,T-03,P-07202,T-03,0,0
G-1048,M-1978-38,T-03,P-07202,T-03,0,0
G-1049,M-1978-38,T-03,P-05050,T-03,0,0
G-1050,M-1978-38,T-46,P-05468,T-46,0,0
G-1051,M-1982-01,T-06,P-03124,T-06,0,0
G-1052,M-1982-03,T-09,P-03716,T-09,0,0
G-1053,M-1982-03,T-09,P-05515,T-09,0,0
G-1054,M-1982-03,T-69,P-03268,T-69,0,0
G-1055,M-1982-05,T-34,P-01344,T-34,0,0
G-1056,M-1982-05,T-34,P-01344,T-34,0,0
G-1057,M-1982-05,T-34,P-06199,T-34,0,0
G-1058,M-1982-05,T-34,P-07494,T-34,0,0
G-1059,M-1982-05,T-34,P-07494,T-34,0,0
G-1060,M-1982-05,T-34,P-06824,T-34,0,0
G-1061,M-1982-05,T-34,P-04758,T-34,0,0
G-1062,M-1982-05,T-34,P-04758,T-34,0,0
G-1063,M-1982-05,T-34,P-04758,T-34,0,0
G-1064,M-1982-05,T-34,P-04097,T-34,0,0
G-1065,M-1982-05,T-26,P-02077,T-26,0,0
G-1066,M-1982-06,T-61,P-04509,T-61,0,0
G-1067,M-1982-06,T-61,P-01654,T-61,0,0
G-1068,M-1982-06,T-61,P-01654,T-61,0,0
G-1069,M-1982-06,T-61,P-07209,T-61,0,0
G-1070,M-1982-06,T-61,P-06886,T-61,0,0
G-1071,M-1982-06,T-47,P-05984,T-47,0,0
G-1072,M-1982-06,T-47,P-06482,T-47,0,0
G-1073,M-1982-07,T-82,P-08975,T-82,0,0
G-1074,M-1982-07,T-01,P-05987,T-01,0,0
G-1075,M-1982-07,T-01,P-06826,T-01,0,0
G-1076,M-1982-08,T-27,P-01902,T-27,0,0
G-1077,M-1982-08,T-27,P-01902,T-27,0,0
G-1078,M-1982-08,T-27,P-05041,T-27,0,0
G-1079,M-1982-08,T-28,P-09901,T-28,0,0
G-1080,M-1982-09,T-70,P-02912,T-70,0,1
G-1081,M-1982-09,T-33,P-09011,T-33,0,0
G-1082,M-1982-10,T-05,P-02601,T-05,0,0
G-1083,M-1982-11,T-20,P-07198,T-20,0,1
G-1084,M-1982-11,T-43,P-06167,T-43,0,0
G-1085,M-1982-13,T-39,P-00500,T-39,0,0
G-1086,M-1982-13,T-54,P-09739,T-54,0,0
G-1087,M-1982-14,T-03,P-05050,T-03,0,0
G-1088,M-1982-14,T-03,P-06516,T-03,0,0
G-1089,M-1982-14,T-03,P-06516,T-03,0,0
G-1090,M-1982-14,T-03,P-06578,T-03,0,0
G-1091,M-1982-14,T-34,P-06199,T-34,0,0
G-1092,M-1982-15,T-09,P-03653,T-09,0,0
G-1093,M-1982-15,T-09,P-00869,T-09,0,0
G-1094,M-1982-15,T-09,P-05515,T-09,0,0
G-1095,M-1982-15,T-09,P-05820,T-09,0,0
G-1096,M-1982-15,T-61,P-00355,T-61,0,0
G-1097,M-1982-17,T-06,P-07546,T-06,0,0
G-1098,M-1982-18,T-69,P-02943,T-69,0,0
G-1099,M-1982-18,T-69,P-01271,T-69,0,0
G-1100,M-1982-18,T-69,P-03384,T-69,0,0
G-1101,M-1982-19,T-82,P-08975,T-82,0,0
G-1102,M-1982-19,T-82,P-08975,T-82,0,0
G-1103,M-1982-19,T-82,P-08975,T-82,0,0
G-1104,M-1982-19,T-82,P-03995,T-82,0,0
G-1105,M-1982-19,T-13,P-02155,T-13,0,0
G-1106,M-1982-20,T-27,P-01938,T-27,0,0
G-1107,M-1982-20,T-27,P-04963,T-20,1,0
G-1108,M-1982-21,T-70,P-08436,T-70,0,1
G-1109,M-1982-21,T-70,P-02836,T-70,0,0
G-1110,M-1982-21,T-83,P-04224,T-83,0,0
G-1111,M-1982-22,T-05,P-02601,T-05,0,0
G-1112,M-1982-22,T-05,P-06890,T-05,0,0
G-1113,M-1982-23,T-28,P-08166,T-28,0,0
G-1114,M-1982-23,T-28,P-07530,T-28,0,0
G-1115,M-1982-23,T-28,P-00182,T-28,0,0
G-1116,M-1982-23,T-28,P-05135,T-28,0,0
G-1117,M-1982-23,T-43,P-01258,T-43,0,0
G-1118,M-1982-24,T-33,P-09045,T-33,0,0
G-1119,M-1982-24,T-50,P-01384,T-50,0,0
G-1120,M-1982-25,T-55,P-02033,T-55,0,0
G-1121,M-1982-25,T-55,P-07200,T-55,0,0
G-1122,M-1982-25,T-55,P-05351,T-55,0,0
G-1123,M-1982-25,T-55,P-06717,T-55,0,0
G-1124,M-1982-25,T-55,P-08965,T-55,0,0
G-1125,M-1982-25,T-54,P-06049,T-54,0,0
G-1126,M-1982-26,T-06,P-04832,T-06,0,0
G-1127,M-1982-26,T-34,P-07964,T-34,0,0
G-1128,M-1982-27,T-69,P-07281,T-69,0,0
G-1129,M-1982-27,T-69,P-09762,T-69,0,0
G-1130,M-1982-27,T-61,P-05720,T-61,0,0
G-1131,M-1982-27,T-61,P-09225,T-61,0,0
G-1132,M-1982-28,T-39,P-01606,T-39,0,0
G-1133,M-1982-28,T-11,P-00607,T-11,0,0
G-1134,M-1982-29,T-03,P-00705,T-03,0,1
G-1135,M-1982-29,T-03,P-05050,T-03,0,0
G-1136,M-1982-30,T-09,P-03653,T-09,0,0
G-1137,M-1982-30,T-09,P-03653,T-09,0,0
G-1138,M-1982-30,T-09,P-05820,T-09,0,0
G-1139,M-1982-30,T-09,P-06564,T-09,0,0
G-1140,M-1982-31,T-01,P-04611,T-01,0,0
G-1141,M-1982-31,T-01,P-04611,T-01,0,0
G-1142,M-1982-31,T-01,P-07075,T-01,0,0
G-1143,M-1982-31,T-13,P-07951,T-13,0,1
G-1144,M-1982-31,T-13,P-03618,T-13,0,0
G-1145,M-1982-32,T-28,P-00182,T-28,0,0
G-1146,M-1982-32,T-20,P-07198,T-20,0,1
G-1147,M-1982-33,T-83,P-00443,T-83,0,1
G-1148,M-1982-34,T-82,P-08438,T-82,0,0
G-1149,M-1982-35,T-27,P-01938,T-27,0,0
G-1150,M-1982-36,T-50,P-01384,T-50,0,0
G-1151,M-1982-37,T-28,P-08166,T-28,0,0
G-1152,M-1982-38,T-55,P-05351,T-55,0,0
G-1153,M-1982-38,T-55,P-05351,T-55,0,0
G-1154,M-1982-38,T-55,P-05351,T-55,0,0
G-1155,M-1982-39,T-39,P-06751,T-39,0,0
G-1156,M-1982-39,T-39,P-05548,T-39,0,0
G-1157,M-1982-39,T-03,P-00705,T-03,0,0
G-1158,M-1982-41,T-05,P-00398,T-05,0,0
G-1159,M-1982-41,T-05,P-03157,T-05,0,0
G-1160,M-1982-41,T-50,P-07495,T-50,0,0
G-1161,M-1982-41,T-50,P-07495,T-50,0,0
G-1162,M-1982-42,T-69,P-06097,T-69,0,0
G-1163,M-1982-43,T-03,P-01117,T-03,0,0
G-1164,M-1982-43,T-09,P-03653,T-09,0,0
G-1165,M-1982-43,T-09,P-06564,T-09,0,0
G-1166,M-1982-43,T-09,P-01964,T-09,0,0
G-1167,M-1982-44,T-82,P-05795,T-82,0,0
G-1168,M-1982-44,T-82,P-01085,T-82,0,0
G-1169,M-1982-44,T-70,P-05930,T-70,0,0
G-1170,M-1982-45,T-28,P-01018,T-28,0,0
G-1171,M-1982-45,T-28,P-01018,T-28,0,0
G-1172,M-1982-45,T-28,P-00360,T-28,0,0
G-1173,M-1982-45,T-28,P-00360,T-28,0,0
G-1174,M-1982-45,T-50,P-01384,T-50,0,0
G-1175,M-1982-47,T-39,P-08703,T-39,0,0
G-1176,M-1982-47,T-39,P-08703,T-39,0,0
G-1177,M-1982-47,T-39,P-08703,T-39,0,0
G-1178,M-1982-47,T-09,P-03716,T-09,0,0
G-1179,M-1982-47,T-09,P-05820,T-09,0,0
G-1180,M-1982-49,T-39,P-08703,T-39,0,0
G-1181,M-1982-49,T-39,P-08703,T-39,0,0
G-1182,M-1982-50,T-82,P-05795,T-82,0,0
G-1183,M-1982-50,T-82,P-08975,T-82,0,0
G-1184,M-1982-50,T-82,P-01085,T-82,0,0
G-1185,M-1982-50,T-28,P-07530,T-28,0,1
G-1186,M-1982-50,T-28,P-03401,T-28,0,0
G-1187,M-1982-50,T-28,P-01018,T-28,0,0
G-1188,M-1982-51,T-55,P-00830,T-55,0,0
G-1189,M-1982-51,T-55,P-00203,T-55,0,0
G-1190,M-1982-51,T-55,P-04024,T-55,0,0
G-1191,M-1982-51,T-28,P-01783,T-28,0,0
G-1192,M-1982-51,T-28,P-04252,T-28,0,0
G-1193,M-1982-52,T-39,P-08703,T-39,0,0
G-1194,M-1982-52,T-39,P-06751,T-39,0,0
G-1195,M-1982-52,T-39,P-09627,T-39,0,0
G-1196,M-1982-52,T-82,P-02216,T-82,0,0
G-1197,M-1986-01,T-10,P-06558,T-10,0,0
G-1198,M-1986-01,T-39,P-09627,T-39,0,0
G-1199,M-1986-02,T-09,P-03716,T-09,0,0
G-1200,M-1986-03,T-28,P-03112,T-28,0,0
G-1201,M-1986-04,T-03,P-04626,T-03,0,0
G-1202,M-1986-04,T-03,P-04626,T-03,0,0
G-1203,M-1986-04,T-03,P-06983,T-03,0,0
G-1204,M-1986-04,T-68,P-02029,T-68,0,0
G-1205,M-1986-05,T-69,P-04507,T-69,0,0
G-1206,M-1986-05,T-69,P-01983,T-69,0,0
G-1207,M-1986-05,T-69,P-09401,T-69,0,1
G-1208,M-1986-05,T-69,P-05306,T-69,0,0
G-1209,M-1986-05,T-69,P-09655,T-69,0,0
G-1210,M-1986-05,T-69,P-02708,T-34,1,0
G-1211,M-1986-07,T-06,P-03124,T-06,0,0
G-1212,M-1986-07,T-44,P-07688,T-44,0,0
G-1213,M-1986-07,T-44,P-07659,T-44,0,0
G-1214,M-1986-08,T-01,P-03734,T-01,0,0
G-1215,M-1986-08,T-50,P-08413,T-50,0,0
G-1216,M-1986-09,T-56,P-05077,T-56,0,0
G-1217,M-1986-10,T-53,P-00797,T-53,0,0
G-1218,M-1986-11,T-80,P-08656,T-80,0,0
G-1219,M-1986-11,T-82,P-03310,T-82,0,0
G-1220,M-1986-12,T-21,P-06503,T-21,0,0
G-1221,M-1986-13,T-39,P-09627,T-39,0,1
G-1222,M-1986-13,T-03,P-06516,T-03,0,0
G-1223,M-1986-14,T-28,P-07435,T-28,0,0
G-1224,M-1986-14,T-69,P-05307,T-69,0,0
G-1225,M-1986-15,T-68,P-01734,T-68,0,0
G-1226,M-1986-15,T-10,P-06964,T-10,0,0
G-1227,M-1986-16,T-34,P-09617,T-34,0,0
G-1228,M-1986-16,T-34,P-08277,T-34,0,0
G-1229,M-1986-17,T-09,P-08699,T-09,0,0
G-1230,M-1986-19,T-44,P-09790,T-44,0,0
G-1231,M-1986-19,T-53,P-00797,T-53,0,0
G-1232,M-1986-20,T-50,P-04501,T-50,0,0
G-1233,M-1986-20,T-70,P-07608,T-70,0,0
G-1234,M-1986-20,T-70,P-08552,T-70,0,0
G-1235,M-1986-21,T-55,P-02033,T-55,0,0
G-1236,M-1986-22,T-37,P-04447,T-37,0,0
G-1237,M-1986-22,T-06,P-00872,T-06,0,0
G-1238,M-1986-22,T-06,P-03746,T-06,0,1
G-1239,M-1986-23,T-82,P-07240,T-82,0,0
G-1240,M-1986-23,T-82,P-03310,T-82,0,0
G-1241,M-1986-23,T-61,P-02376,T-61,0,0
G-1242,M-1986-24,T-21,P-06503,T-21,0,0
G-1243,M-1986-24,T-21,P-06503,T-21,0,0
G-1244,M-1986-24,T-21,P-06503,T-21,0,0
G-1245,M-1986-24,T-21,P-01480,T-21,0,0
G-1246,M-1986-24,T-21,P-00374,T-21,0,0
G-1247,M-1986-24,T-21,P-06084,T-21,0,0
G-1248,M-1986-24,T-80,P-05131,T-80,0,1
G-1249,M-1986-25,T-28,P-09124,T-28,0,0
G-1250,M-1986-25,T-28,P-06060,T-28,0,0
G-1251,M-1986-25,T-28,P-00360,T-28,0,0
G-1252,M-1986-26,T-69,P-01271,T-69,0,0
G-1253,M-1986-26,T-69,P-00690,T-69,0,0
G-1254,M-1986-27,T-03,P-04626,T-03,0,0
G-1255,M-1986-27,T-03,P-02255,T-03,0,0
G-1256,M-1986-28,T-68,P-09860,T-68,0,0
G-1257,M-1986-28,T-68,P-04395,T-68,0,0
G-1258,M-1986-28,T-39,P-09627,T-39,0,0
G-1259,M-1986-28,T-39,P-09627,T-39,0,0
G-1260,M-1986-28,T-39,P-05109,T-68,1,0
G-1261,M-1986-29,T-44,P-07688,T-44,0,0
G-1262,M-1986-30,T-53,P-05454,T-53,0,0
G-1263,M-1986-30,T-53,P-05454,T-53,0,0
G-1264,M-1986-30,T-06,P-04825,T-06,0,0
G-1265,M-1986-30,T-06,P-04306,T-06,0,0
G-1266,M-1986-31,T-27,P-02777,T-27,0,0
G-1267,M-1986-31,T-27,P-02777,T-27,0,0
G-1268,M-1986-31,T-27,P-02777,T-27,0,0
G-1269,M-1986-32,T-56,P-00542,T-56,0,0
G-1270,M-1986-32,T-45,P-00451,T-45,0,0
G-1271,M-1986-32,T-45,P-00451,T-45,0,0
G-1272,M-1986-32,T-45,P-00635,T-45,0,0
G-1273,M-1986-33,T-70,P-00147,T-70,0,0
G-1274,M-1986-33,T-70,P-00147,T-70,0,0
G-1275,M-1986-33,T-70,P-06389,T-70,0,0
G-1276,M-1986-34,T-09,P-08699,T-09,0,0
G-1277,M-1986-34,T-09,P-08699,T-09,0,0
G-1278,M-1986-34,T-09,P-03280,T-09,0,0
G-1279,M-1986-35,T-21,P-06084,T-21,0,1
G-1280,M-1986-35,T-21,P-08203,T-21,0,0
G-1281,M-1986-37,T-44,P-08533,T-44,0,0
G-1282,M-1986-37,T-44,P-05997,T-44,0,0
G-1283,M-1986-38,T-69,P-09401,T-69,0,0
G-1284,M-1986-38,T-69,P-09401,T-69,0,0
G-1285,M-1986-38,T-69,P-09401,T-69,0,1
G-1286,M-1986-38,T-06,P-00872,T-06,0,0
G-1287,M-1986-38,T-06,P-06479,T-06,0,0
G-1288,M-1986-38,T-06,P-04095,T-06,0,0
G-1289,M-1986-38,T-06,P-03746,T-06,0,0
G-1290,M-1986-39,T-09,P-03716,T-09,0,1
G-1291,M-1986-39,T-09,P-03280,T-09,0,0
G-1292,M-1986-39,T-09,P-06803,T-09,0,0
G-1293,M-1986-39,T-09,P-08699,T-09,0,1
G-1294,M-1986-40,T-03,P-02566,T-03,0,0
G-1295,M-1986-41,T-28,P-07530,T-28,0,0
G-1296,M-1986-41,T-28,P-09124,T-28,0,0
G-1297,M-1986-42,T-82,P-01993,T-82,0,0
G-1298,M-1986-43,T-27,P-02777,T-27,0,0
G-1299,M-1986-43,T-27,P-02777,T-27,0,0
G-1300,M-1986-43,T-27,P-09395,T-27,0,0
G-1301,M-1986-44,T-21,P-06084,T-21,0,1
G-1302,M-1986-44,T-70,P-07608,T-70,0,0
G-1303,M-1986-44,T-70,P-07608,T-70,0,0
G-1304,M-1986-44,T-70,P-07608,T-70,0,0
G-1305,M-1986-44,T-70,P-07608,T-70,0,1
G-1306,M-1986-44,T-70,P-00057,T-70,0,1
G-1307,M-1986-45,T-09,P-08699,T-09,0,0
G-1308,M-1986-45,T-28,P-07530,T-28,0,0
G-1309,M-1986-47,T-03,P-06516,T-03,0,0
G-1310,M-1986-47,T-03,P-06516,T-03,0,0
G-1311,M-1986-47,T-27,P-02777,T-27,0,0
G-1312,M-1986-48,T-70,P-07721,T-70,0,0
G-1313,M-1986-48,T-06,P-06479,T-06,0,0
G-1314,M-1986-49,T-82,P-07217,T-82,0,0
G-1315,M-1986-49,T-82,P-07240,T-82,0,0
G-1316,M-1986-50,T-03,P-06516,T-03,0,0
G-1317,M-1986-50,T-03,P-06516,T-03,0,0
G-1318,M-1986-51,T-06,P-06479,T-06,0,0
G-1319,M-1986-51,T-06,P-03746,T-06,0,0
G-1320,M-1986-51,T-28,P-00076,T-28,0,0
G-1321,M-1986-51,T-28,P-03112,T-28,0,0
G-1322,M-1986-51,T-28,P-08166,T-28,0,0
G-1323,M-1986-51,T-28,P-09137,T-28,0,1
G-1324,M-1986-52,T-03,P-07908,T-03,0,0
G-1325,M-1986-52,T-03,P-04626,T-03,0,0
G-1326,M-1986-52,T-03,P-02255,T-03,0,0
G-1327,M-1986-52,T-82,P-08975,T-82,0,0
G-1328,M-1986-52,T-82,P-07240,T-82,0,0
G-1329,M-1990-01,T-11,P-06096,T-11,0,0
G-1330,M-1990-02,T-58,P-06156,T-58,0,0
G-1331,M-1990-02,T-58,P-06156,T-58,0,1
G-1332,M-1990-03,T-15,P-09990,T-15,0,0
G-1333,M-1990-03,T-15,P-09690,T-15,0,0
G-1334,M-1990-04,T-39,P-04373,T-39,0,0
G-1335,M-1990-05,T-79,P-09775,T-79,0,0
G-1336,M-1990-05,T-20,P-03413,T-20,0,0
G-1337,M-1990-05,T-20,P-03413,T-20,0,0
G-1338,M-1990-05,T-20,P-01478,T-20,0,1
G-1339,M-1990-05,T-20,P-00477,T-20,0,0
G-1340,M-1990-05,T-20,P-04944,T-20,0,0
G-1341,M-1990-06,T-09,P-08699,T-09,0,0
G-1342,M-1990-06,T-09,P-08699,T-09,0,0
G-1343,M-1990-06,T-71,P-08571,T-71,0,0
G-1344,M-1990-07,T-82,P-01993,T-82,0,0
G-1345,M-1990-07,T-82,P-01993,T-82,0,0
G-1346,M-1990-07,T-82,P-00876,T-82,0,0
G-1347,M-1990-07,T-82,P-07240,T-82,0,0
G-1348,M-1990-07,T-83,P-00028,T-83,0,0
G-1349,M-1990-08,T-16,P-02592,T-16,0,0
G-1350,M-1990-09,T-27,P-02777,T-27,0,0
G-1351,M-1990-09,T-57,P-02909,T-57,0,0
G-1352,M-1990-10,T-06,P-08937,T-06,0,0
G-1353,M-1990-10,T-06,P-06910,T-06,0,0
G-1354,M-1990-11,T-46,P-07027,T-46,0,0
G-1355,M-1990-11,T-25,P-02311,T-25,0,1
G-1356,M-1990-13,T-03,P-04319,T-03,0,0
G-1357,M-1990-13,T-03,P-02255,T-03,0,0
G-1358,M-1990-14,T-11,P-00994,T-11,0,0
G-1359,M-1990-14,T-11,P-00994,T-11,0,0
G-1360,M-1990-14,T-58,P-06996,T-58,0,0
G-1361,M-1990-15,T-83,P-00028,T-83,0,0
G-1362,M-1990-16,T-39,P-00342,T-39,0,0
G-1363,M-1990-17,T-20,P-01478,T-20,0,1
G-1364,M-1990-18,T-82,P-07240,T-82,0,0
G-1365,M-1990-18,T-82,P-07240,T-82,0,0
G-1366,M-1990-18,T-82,P-00876,T-82,0,0
G-1367,M-1990-18,T-82,P-01993,T-82,0,0
G-1368,M-1990-18,T-82,P-04182,T-82,0,0
G-1369,M-1990-18,T-78,P-00430,T-78,0,0
G-1370,M-1990-19,T-09,P-06344,T-09,0,0
G-1371,M-1990-20,T-71,P-04680,T-71,0,0
G-1372,M-1990-20,T-61,P-09470,T-61,0,0
G-1373,M-1990-20,T-61,P-06229,T-61,0,1
G-1374,M-1990-23,T-06,P-04743,T-06,0,0
G-1375,M-1990-23,T-06,P-00872,T-06,0,0
G-1376,M-1990-23,T-06,P-06479,T-06,0,0
G-1377,M-1990-23,T-80,P-03953,T-80,0,0
G-1378,M-1990-24,T-68,P-01217,T-68,0,0
G-1379,M-1990-24,T-70,P-09467,T-70,0,0
G-1380,M-1990-24,T-70,P-09467,T-70,0,0
G-1381,M-1990-24,T-70,P-09467,T-70,0,0
G-1382,M-1990-25,T-03,P-03820,T-03,0,0
G-1383,M-1990-25,T-58,P-06996,T-58,0,0
G-1384,M-1990-26,T-69,P-00672,T-69,0,0
G-1385,M-1990-26,T-69,P-06356,T-69,0,0
G-1386,M-1990-26,T-69,P-05899,T-69,0,0
G-1387,M-1990-26,T-69,P-02461,T-69,0,0
G-1388,M-1990-27,T-82,P-05795,T-82,0,0
G-1389,M-1990-27,T-15,P-01259,T-15,0,0
G-1390,M-1990-28,T-83,P-00515,T-83,0,0
G-1391,M-1990-28,T-83,P-00173,T-83,0,0
G-1392,M-1990-28,T-83,P-00173,T-83,0,0
G-1393,M-1990-28,T-83,P-07639,T-83,0,0
G-1394,M-1990-28,T-78,P-00681,T-78,0,0
G-1395,M-1990-29,T-05,P-06394,T-05,0,0
G-1396,M-1990-29,T-05,P-02693,T-05,0,0
G-1397,M-1990-29,T-79,P-04019,T-79,0,0
G-1398,M-1990-30,T-39,P-04373,T-39,0,0
G-1399,M-1990-30,T-39,P-09078,T-39,0,0
G-1400,M-1990-31,T-09,P-06344,T-09,0,0
G-1401,M-1990-32,T-71,P-00626,T-71,0,0
G-1402,M-1990-32,T-16,P-05083,T-16,0,0
G-1403,M-1990-32,T-16,P-03497,T-16,0,0
G-1404,M-1990-33,T-06,P-06386,T-06,0,0
G-1405,M-1990-33,T-70,P-09467,T-70,0,1
G-1406,M-1990-33,T-70,P-03446,T-70,0,0
G-1407,M-1990-34,T-80,P-04782,T-80,0,0
G-1408,M-1990-35,T-27,P-04703,T-27,0,0
G-1409,M-1990-36,T-57,P-03909,T-57,0,0
G-1410,M-1990-36,T-46,P-01963,T-46,0,0
G-1411,M-1990-37,T-11,P-00994,T-11,0,0
G-1412,M-1990-37,T-11,P-00994,T-11,0,0
G-1413,M-1990-37,T-15,P-09990,T-15,0,0
G-1414,M-1990-38,T-20,P-03413,T-20,0,0
G-1415,M-1990-38,T-20,P-03413,T-20,0,0
G-1416,M-1990-38,T-20,P-03413,T-20,0,0
G-1417,M-1990-38,T-20,P-04880,T-20,0,0
G-1418,M-1990-38,T-16,P-09278,T-16,0,0
G-1419,M-1990-39,T-03,P-00913,T-03,0,0
G-1420,M-1990-40,T-82,P-00876,T-82,0,0
G-1421,M-1990-40,T-82,P-07217,T-82,0,0
G-1422,M-1990-40,T-46,P-06355,T-46,0,1
G-1423,M-1990-42,T-39,P-04373,T-39,0,0
G-1424,M-1990-42,T-39,P-03691,T-39,0,0
G-1425,M-1990-43,T-70,P-08552,T-70,0,0
G-1426,M-1990-43,T-83,P-07957,T-83,0,0
G-1427,M-1990-43,T-83,P-07957,T-83,0,0
G-1428,M-1990-44,T-27,P-04953,T-27,0,0
G-1429,M-1990-46,T-39,P-04373,T-39,0,0
G-1430,M-1990-47,T-82,P-01993,T-82,0,1
G-1431,M-1990-48,T-11,P-04297,T-11,0,1
G-1432,M-1990-48,T-11,P-08130,T-11,0,0
G-1433,M-1990-48,T-27,P-04953,T-27,0,0
G-1434,M-1990-48,T-27,P-02777,T-27,0,1
G-1435,M-1990-48,T-27,P-02777,T-27,0,1
G-1436,M-1990-49,T-03,P-00913,T-03,0,0
G-1437,M-1990-49,T-39,P-04373,T-39,0,0
G-1438,M-1990-50,T-82,P-07217,T-82,0,0
G-1439,M-1990-50,T-27,P-02777,T-27,0,0
G-1440,M-1990-51,T-39,P-09078,T-39,0,0
G-1441,M-1990-51,T-39,P-04373,T-39,0,1
G-1442,M-1990-51,T-27,P-04953,T-27,0,0
G-1443,M-1990-52,T-82,P-07217,T-82,0,1
G-1444,M-1994-01,T-29,P-00876,T-29,0,0
G-1445,M-1994-02,T-70,P-08552,T-70,0,0
G-1446,M-1994-02,T-70,P-02351,T-70,0,0
G-1447,M-1994-02,T-68,P-04298,T-68,0,0
G-1448,M-1994-02,T-68,P-03315,T-68,0,0
G-1449,M-1994-03,T-79,P-08398,T-79,0,0
G-1450,M-1994-03,T-72,P-07528,T-72,0,0
G-1451,M-1994-04,T-57,P-08181,T-57,0,0
G-1452,M-1994-05,T-15,P-04004,T-15,0,0
G-1453,M-1994-05,T-58,P-08747,T-58,0,0
G-1454,M-1994-05,T-58,P-08747,T-58,0,0
G-1455,M-1994-05,T-58,P-09707,T-58,0,0
G-1456,M-1994-06,T-06,P-08937,T-06,0,0
G-1457,M-1994-07,T-51,P-09932,T-51,0,0
G-1458,M-1994-08,T-11,P-04400,T-11,0,0
G-1459,M-1994-08,T-11,P-06096,T-11,0,0
G-1460,M-1994-08,T-71,P-01787,T-71,0,0
G-1461,M-1994-08,T-71,P-08681,T-71,0,0
G-1462,M-1994-09,T-09,P-07489,T-09,0,0
G-1463,M-1994-09,T-09,P-05168,T-09,0,1
G-1464,M-1994-10,T-46,P-01867,T-46,0,0
G-1465,M-1994-10,T-46,P-02882,T-46,0,0
G-1466,M-1994-10,T-60,P-00361,T-60,0,0
G-1467,M-1994-11,T-03,P-05392,T-03,0,0
G-1468,M-1994-11,T-03,P-05392,T-03,0,0
G-1469,M-1994-11,T-03,P-05392,T-03,0,1
G-1470,M-1994-11,T-03,P-06516,T-03,0,0
G-1471,M-1994-12,T-29,P-00876,T-29,0,0
G-1472,M-1994-12,T-70,P-02351,T-70,0,0
G-1473,M-1994-13,T-48,P-05689,T-48,0,0
G-1474,M-1994-13,T-48,P-09026,T-48,0,0
G-1475,M-1994-13,T-48,P-06735,T-48,0,0
G-1476,M-1994-14,T-58,P-09707,T-58,0,0
G-1477,M-1994-14,T-72,P-03453,T-72,0,0
G-1478,M-1994-14,T-72,P-02168,T-72,0,0
G-1479,M-1994-14,T-72,P-04434,T-72,0,0
G-1480,M-1994-14,T-72,P-04434,T-72,0,0
G-1481,M-1994-15,T-79,P-04862,T-79,0,0
G-1482,M-1994-15,T-15,P-04004,T-15,0,0
G-1483,M-1994-15,T-79,P-07844,T-15,1,0
G-1484,M-1994-16,T-39,P-00737,T-39,0,0
G-1485,M-1994-18,T-44,P-05169,T-44,0,0
G-1486,M-1994-18,T-44,P-05169,T-44,0,0
G-1487,M-1994-18,T-57,P-01301,T-57,0,0
G-1488,M-1994-19,T-09,P-07489,T-09,0,0
G-1489,M-1994-19,T-09,P-03057,T-09,0,0
G-1490,M-1994-19,T-09,P-05954,T-09,0,0
G-1491,M-1994-20,T-71,P-08571,T-71,0,1
G-1492,M-1994-20,T-71,P-08681,T-71,0,0
G-1493,M-1994-20,T-71,P-08681,T-71,0,0
G-1494,M-1994-20,T-59,P-07023,T-59,0,1
G-1495,M-1994-21,T-06,P-01953,T-06,0,0
G-1496,M-1994-22,T-60,P-06162,T-60,0,1
G-1497,M-1994-22,T-60,P-00361,T-60,0,0
G-1498,M-1994-22,T-45,P-00950,T-45,0,0
G-1499,M-1994-23,T-03,P-00913,T-03,0,0
G-1500,M-1994-23,T-03,P-00913,T-03,0,0
G-1501,M-1994-23,T-48,P-04543,T-48,0,0
G-1502,M-1994-24,T-10,P-06855,T-10,0,1
G-1503,M-1994-24,T-10,P-06855,T-10,0,1
G-1504,M-1994-24,T-10,P-02865,T-10,0,0
G-1505,M-1994-24,T-10,P-02203,T-10,0,0
G-1506,M-1994-25,T-15,P-02397,T-15,0,0
G-1507,M-1994-25,T-15,P-06845,T-15,0,0
G-1508,M-1994-26,T-58,P-07321,T-58,0,0
G-1509,M-1994-27,T-07,P-05370,T-07,0,0
G-1510,M-1994-27,T-70,P-01265,T-70,0,1
G-1511,M-1994-27,T-70,P-03530,T-70,0,0
G-1512,M-1994-27,T-70,P-03530,T-70,0,0
G-1513,M-1994-28,T-29,P-00876,T-29,0,0
G-1514,M-1994-28,T-29,P-00876,T-29,0,0
G-1515,M-1994-28,T-29,P-01456,T-29,0,0
G-1516,M-1994-28,T-68,P-03321,T-68,0,0
G-1517,M-1994-28,T-68,P-04298,T-68,0,0
G-1518,M-1994-29,T-39,P-03745,T-39,0,0
G-1519,M-1994-29,T-44,P-05495,T-44,0,0
G-1520,M-1994-31,T-59,P-07023,T-59,0,0
G-1521,M-1994-31,T-59,P-07023,T-59,0,0
G-1522,M-1994-31,T-59,P-07023,T-59,0,1
G-1523,M-1994-31,T-59,P-07023,T-59,0,0
G-1524,M-1994-31,T-59,P-07023,T-59,0,0
G-1525,M-1994-31,T-59,P-06598,T-59,0,0
G-1526,M-1994-31,T-11,P-00994,T-11,0,0
G-1527,M-1994-32,T-09,P-07489,T-09,0,0
G-1528,M-1994-32,T-71,P-08602,T-71,0,0
G-1529,M-1994-33,T-60,P-03228,T-60,0,0
G-1530,M-1994-34,T-45,P-04206,T-45,0,0
G-1531,M-1994-34,T-46,P-03525,T-46,0,0
G-1532,M-1994-34,T-46,P-05292,T-46,0,0
G-1533,M-1994-35,T-10,P-06855,T-10,0,0
G-1534,M-1994-35,T-10,P-06558,T-10,0,0
G-1535,M-1994-36,T-48,P-09840,T-48,0,0
G-1536,M-1994-36,T-48,P-09026,T-48,0,0
G-1537,M-1994-37,T-29,P-07240,T-29,0,0
G-1538,M-1994-37,T-29,P-07240,T-29,0,0
G-1539,M-1994-37,T-29,P-00876,T-29,0,0
G-1540,M-1994-37,T-06,P-04248,T-06,0,0
G-1541,M-1994-37,T-06,P-01953,T-06,0,0
G-1542,M-1994-38,T-70,P-01968,T-70,0,0
G-1543,M-1994-38,T-70,P-00381,T-70,0,0
G-1544,M-1994-38,T-70,P-09287,T-70,0,1
G-1545,M-1994-39,T-60,P-03557,T-60,0,0
G-1546,M-1994-39,T-71,P-08681,T-71,0,0
G-1547,M-1994-39,T-71,P-08602,T-71,0,0
G-1548,M-1994-39,T-71,P-08602,T-71,0,0
G-1549,M-1994-40,T-58,P-01078,T-58,0,0
G-1550,M-1994-40,T-58,P-01078,T-58,0,0
G-1551,M-1994-40,T-58,P-09707,T-58,0,0
G-1552,M-1994-40,T-03,P-05392,T-03,0,1
G-1553,M-1994-40,T-03,P-07491,T-03,0,0
G-1554,M-1994-41,T-46,P-03525,T-46,0,0
G-1555,M-1994-41,T-46,P-01867,T-46,0,0
G-1556,M-1994-42,T-09,P-05954,T-09,0,0
G-1557,M-1994-43,T-48,P-06735,T-48,0,0
G-1558,M-1994-43,T-39,P-09078,T-39,0,0
G-1559,M-1994-43,T-39,P-09078,T-39,0,1
G-1560,M-1994-44,T-44,P-07220,T-44,0,1
G-1561,M-1994-44,T-10,P-06855,T-10,0,0
G-1562,M-1994-45,T-39,P-00737,T-39,0,0
G-1563,M-1994-45,T-39,P-09078,T-39,0,0
G-1564,M-1994-45,T-70,P-03530,T-70,0,0
G-1565,M-1994-46,T-46,P-03525,T-46,0,0
G-1566,M-1994-46,T-46,P-03306,T-46,0,0
G-1567,M-1994-46,T-09,P-07489,T-09,0,0
G-1568,M-1994-46,T-09,P-05954,T-09,0,0
G-1569,M-1994-46,T-09,P-02338,T-09,0,0
G-1570,M-1994-47,T-10,P-06855,T-10,0,0
G-1571,M-1994-47,T-10,P-02865,T-10,0,0
G-1572,M-1994-47,T-29,P-01993,T-29,0,1
G-1573,M-1994-48,T-58,P-08747,T-58,0,0
G-1574,M-1994-48,T-58,P-08747,T-58,0,0
G-1575,M-1994-48,T-71,P-08571,T-71,0,0
G-1576,M-1994-48,T-71,P-08602,T-71,0,0
G-1577,M-1994-49,T-10,P-06855,T-10,0,1
G-1578,M-1994-49,T-39,P-09078,T-39,0,0
G-1579,M-1994-49,T-39,P-09078,T-39,0,0
G-1580,M-1994-50,T-09,P-07489,T-09,0,0
G-1581,M-1994-51,T-71,P-08571,T-71,0,0
G-1582,M-1994-51,T-71,P-02031,T-71,0,0
G-1583,M-1994-51,T-71,P-09697,T-71,0,0
G-1584,M-1994-51,T-71,P-08602,T-71,0,0
G-1585,M-1998-01,T-09,P-05926,T-09,0,0
G-1586,M-1998-01,T-61,P-05404,T-61,0,1
G-1587,M-1998-01,T-09,P-04230,T-61,1,0
G-1588,M-1998-02,T-45,P-02981,T-45,0,0
G-1589,M-1998-02,T-45,P-02819,T-45,0,0
G-1590,M-1998-02,T-51,P-00814,T-51,0,0
G-1591,M-1998-02,T-51,P-04646,T-45,1,0
G-1592,M-1998-03,T-39,P-04765,T-39,0,0
G-1593,M-1998-03,T-39,P-09078,T-39,0,1
G-1594,M-1998-03,T-13,P-01929,T-13,0,0
G-1595,M-1998-03,T-13,P-01929,T-13,0,0
G-1596,M-1998-04,T-11,P-01588,T-11,0,0
G-1597,M-1998-04,T-05,P-01823,T-05,0,0
G-1598,M-1998-06,T-21,P-00895,T-21,0,0
G-1599,M-1998-07,T-28,P-02083,T-28,0,0
G-1600,M-1998-07,T-28,P-06999,T-28,0,0
G-1601,M-1998-07,T-28,P-01429,T-67,1,0
G-1602,M-1998-08,T-70,P-01968,T-70,0,0
G-1603,M-1998-08,T-70,P-03846,T-70,0,0
G-1604,M-1998-08,T-48,P-07662,T-48,0,0
G-1605,M-1998-08,T-48,P-05660,T-48,0,0
G-1606,M-1998-08,T-48,P-07337,T-70,1,0
G-1607,M-1998-09,T-68,P-00989,T-68,0,0
G-1608,M-1998-09,T-44,P-09435,T-44,0,0
G-1609,M-1998-09,T-44,P-07147,T-44,0,0
G-1610,M-1998-09,T-44,P-07147,T-44,0,0
G-1611,M-1998-11,T-03,P-05392,T-03,0,0
G-1612,M-1998-12,T-83,P-00070,T-83,0,0
G-1613,M-1998-13,T-41,P-07335,T-41,0,0
G-1614,M-1998-13,T-17,P-04365,T-17,0,0
G-1615,M-1998-13,T-17,P-07639,T-17,0,0
G-1616,M-1998-13,T-17,P-04705,T-17,0,0
G-1617,M-1998-14,T-27,P-03894,T-27,0,0
G-1618,M-1998-14,T-27,P-01721,T-27,0,0
G-1619,M-1998-15,T-58,P-06071,T-58,0,0
G-1620,M-1998-16,T-29,P-01057,T-29,0,0
G-1621,M-1998-16,T-29,P-00876,T-29,0,0
G-1622,M-1998-17,T-61,P-05042,T-61,0,0
G-1623,M-1998-17,T-51,P-09842,T-51,0,0
G-1624,M-1998-18,T-09,P-04601,T-09,0,0
G-1625,M-1998-18,T-09,P-00008,T-09,0,0
G-1626,M-1998-18,T-09,P-05954,T-09,0,0
G-1627,M-1998-19,T-13,P-01929,T-13,0,0
G-1628,M-1998-19,T-05,P-07923,T-05,0,0
G-1629,M-1998-20,T-39,P-07465,T-39,0,0
G-1630,M-1998-20,T-39,P-04765,T-39,0,0
G-1631,M-1998-20,T-39,P-04765,T-39,0,0
G-1632,M-1998-21,T-67,P-03822,T-67,0,0
G-1633,M-1998-21,T-21,P-00539,T-21,0,0
G-1634,M-1998-22,T-28,P-06999,T-28,0,0
G-1635,M-1998-22,T-28,P-06999,T-28,0,0
G-1636,M-1998-22,T-28,P-08637,T-28,0,0
G-1637,M-1998-22,T-28,P-04585,T-28,0,0
G-1638,M-1998-23,T-48,P-00644,T-48,0,0
G-1639,M-1998-25,T-17,P-04705,T-17,0,0
G-1640,M-1998-26,T-06,P-09603,T-06,0,0
G-1641,M-1998-26,T-06,P-09603,T-06,0,0
G-1642,M-1998-26,T-44,P-07220,T-44,0,1
G-1643,M-1998-26,T-44,P-00729,T-44,0,0
G-1644,M-1998-27,T-46,P-03185,T-46,0,0
G-1645,M-1998-27,T-46,P-08704,T-46,0,0
G-1646,M-1998-27,T-46,P-03525,T-46,0,0
G-1647,M-1998-27,T-46,P-09588,T-46,0,0
G-1648,M-1998-27,T-46,P-02207,T-46,0,0
G-1649,M-1998-28,T-29,P-02379,T-29,0,0
G-1650,M-1998-28,T-83,P-02321,T-83,0,0
G-1651,M-1998-28,T-83,P-07957,T-83,0,0
G-1652,M-1998-28,T-29,P-00070,T-83,1,0
G-1653,M-1998-29,T-03,P-07622,T-03,0,0
G-1654,M-1998-29,T-03,P-07622,T-03,0,0
G-1655,M-1998-29,T-03,P-05392,T-03,0,0
G-1656,M-1998-29,T-03,P-05392,T-03,0,0
G-1657,M-1998-29,T-03,P-05392,T-03,0,1
G-1658,M-1998-30,T-79,P-07284,T-79,0,0
G-1659,M-1998-30,T-36,P-02808,T-36,0,0
G-1660,M-1998-30,T-36,P-00452,T-36,0,0
G-1661,M-1998-31,T-15,P-00611,T-15,0,0
G-1662,M-1998-32,T-58,P-03097,T-58,0,0
G-1663,M-1998-32,T-58,P-07321,T-58,0,0
G-1664,M-1998-32,T-27,P-07705,T-27,0,0
G-1665,M-1998-33,T-13,P-05313,T-13,0,0
G-1666,M-1998-33,T-11,P-08783,T-11,0,0
G-1667,M-1998-34,T-39,P-04765,T-39,0,0
G-1668,M-1998-34,T-39,P-09078,T-39,0,0
G-1669,M-1998-34,T-05,P-05545,T-05,0,1
G-1670,M-1998-35,T-09,P-05954,T-09,0,0
G-1671,M-1998-35,T-51,P-07402,T-51,0,0
G-1672,M-1998-35,T-51,P-09932,T-51,0,1
G-1673,M-1998-36,T-45,P-06079,T-45,0,0
G-1674,M-1998-36,T-45,P-06079,T-45,0,0
G-1675,M-1998-36,T-45,P-02819,T-45,0,0
G-1676,M-1998-37,T-28,P-01626,T-28,0,1
G-1677,M-1998-37,T-28,P-03946,T-28,0,0
G-1678,M-1998-37,T-21,P-00374,T-21,0,1
G-1679,M-1998-38,T-67,P-05596,T-67,0,0
G-1680,M-1998-38,T-67,P-05596,T-67,0,1
G-1681,M-1998-38,T-60,P-06162,T-60,0,1
G-1682,M-1998-38,T-60,P-04962,T-60,0,1
G-1683,M-1998-39,T-48,P-03248,T-48,0,0
G-1684,M-1998-39,T-53,P-06151,T-53,0,0
G-1685,M-1998-39,T-53,P-09815,T-53,0,0
G-1686,M-1998-39,T-53,P-08075,T-53,0,0
G-1687,M-1998-40,T-70,P-01968,T-70,0,1
G-1688,M-1998-40,T-70,P-00381,T-70,0,0
G-1689,M-1998-40,T-70,P-01593,T-70,0,0
G-1690,M-1998-40,T-70,P-01593,T-70,0,0
G-1691,M-1998-40,T-70,P-04927,T-70,0,0
G-1692,M-1998-40,T-10,P-01575,T-10,0,0
G-1693,M-1998-40,T-70,P-00946,T-10,1,0
G-1694,M-1998-41,T-06,P-09761,T-06,0,0
G-1695,M-1998-41,T-68,P-00084,T-68,0,0
G-1696,M-1998-42,T-46,P-03185,T-46,0,0
G-1697,M-1998-42,T-46,P-02207,T-46,0,0
G-1698,M-1998-42,T-44,P-09435,T-44,0,0
G-1699,M-1998-42,T-44,P-07147,T-44,0,0
G-1700,M-1998-43,T-29,P-02379,T-29,0,0
G-1701,M-1998-43,T-29,P-00876,T-29,0,0
G-1702,M-1998-44,T-83,P-03783,T-83,0,0
G-1703,M-1998-45,T-03,P-03136,T-03,0,0
G-1704,M-1998-46,T-42,P-01664,T-42,0,0
G-1705,M-1998-46,T-41,P-09880,T-41,0,0
G-1706,M-1998-46,T-41,P-09880,T-41,0,0
G-1707,M-1998-47,T-27,P-05508,T-27,0,0
G-1708,M-1998-47,T-27,P-00614,T-27,0,0
G-1709,M-1998-48,T-58,P-03097,T-58,0,0
G-1710,M-1998-48,T-75,P-01901,T-75,0,1
G-1711,M-1998-49,T-39,P-04765,T-39,0,0
G-1712,M-1998-50,T-09,P-05926,T-09,0,0
G-1713,M-1998-50,T-09,P-05926,T-09,0,0
G-1714,M-1998-50,T-09,P-04601,T-09,0,1
G-1715,M-1998-50,T-09,P-04601,T-09,0,0
G-1716,M-1998-50,T-13,P-01929,T-13,0,0
G-1717,M-1998-51,T-28,P-02125,T-28,0,0
G-1718,M-1998-52,T-48,P-07547,T-48,0,0
G-1719,M-1998-52,T-21,P-06990,T-21,0,0
G-1720,M-1998-52,T-21,P-05195,T-21,0,0
G-1721,M-1998-52,T-21,P-00508,T-21,0,0
G-1722,M-1998-52,T-21,P-03299,T-21,0,0
G-1723,M-1998-53,T-29,P-00876,T-29,0,0
G-1724,M-1998-53,T-29,P-02379,T-29,0,0
G-1725,M-1998-53,T-44,P-07147,T-44,0,0
G-1726,M-1998-54,T-46,P-03525,T-46,0,0
G-1727,M-1998-54,T-46,P-04071,T-46,0,0
G-1728,M-1998-54,T-83,P-03783,T-83,0,0
G-1729,M-1998-55,T-17,P-04705,T-17,0,1
G-1730,M-1998-56,T-03,P-05392,T-03,0,1
G-1731,M-1998-56,T-03,P-00389,T-03,0,0
G-1732,M-1998-56,T-27,P-03894,T-27,0,1
G-1733,M-1998-56,T-27,P-07705,T-27,0,0
G-1734,M-1998-58,T-09,P-05954,T-09,0,0
G-1735,M-1998-58,T-09,P-00008,T-09,0,0
G-1736,M-1998-58,T-09,P-00008,T-09,0,0
G-1737,M-1998-58,T-21,P-05052,T-21,0,0
G-1738,M-1998-58,T-21,P-05195,T-21,0,0
G-1739,M-1998-59,T-46,P-05316,T-46,0,0
G-1740,M-1998-59,T-46,P-03525,T-46,0,0
G-1741,M-1998-59,T-03,P-05333,T-03,0,0
G-1742,M-1998-60,T-17,P-08556,T-17,0,0
G-1743,M-1998-60,T-17,P-09155,T-17,0,0
G-1744,M-1998-60,T-17,P-04705,T-17,0,0
G-1745,M-1998-61,T-09,P-04601,T-09,0,0
G-1746,M-1998-61,T-46,P-05316,T-46,0,0
G-1747,M-1998-62,T-28,P-01770,T-28,0,0
G-1748,M-1998-62,T-28,P-01770,T-28,0,0
G-1749,M-1998-62,T-17,P-04705,T-17,0,0
G-1750,M-1998-63,T-46,P-09656,T-46,0,0
G-1751,M-1998-63,T-17,P-07639,T-17,0,0
G-1752,M-1998-63,T-17,P-04705,T-17,0,0
G-1753,M-1998-64,T-28,P-03582,T-28,0,0
G-1754,M-1998-64,T-28,P-03582,T-28,0,0
G-1755,M-1998-64,T-28,P-03946,T-28,0,0
G-1756,M-2002-01,T-62,P-04667,T-62,0,0
G-1757,M-2002-02,T-57,P-09369,T-57,0,0
G-1758,M-2002-02,T-11,P-08783,T-11,0,0
G-1759,M-2002-03,T-80,P-07901,T-80,0,0
G-1760,M-2002-03,T-21,P-09841,T-21,0,0
G-1761,M-2002-03,T-21,P-09841,T-21,0,0
G-1762,M-2002-04,T-29,P-05239,T-29,0,0
G-1763,M-2002-04,T-29,P-05239,T-29,0,0
G-1764,M-2002-04,T-29,P-05239,T-29,0,0
G-1765,M-2002-04,T-29,P-05827,T-29,0,0
G-1766,M-2002-04,T-29,P-04884,T-29,0,0
G-1767,M-2002-04,T-29,P-04627,T-29,0,0
G-1768,M-2002-04,T-29,P-02379,T-29,0,0
G-1769,M-2002-04,T-29,P-00685,T-29,0,0
G-1770,M-2002-05,T-03,P-05392,T-03,0,0
G-1771,M-2002-06,T-53,P-08379,T-53,0,0
G-1772,M-2002-06,T-53,P-06905,T-53,0,0
G-1773,M-2002-06,T-67,P-00956,T-67,0,0
G-1774,M-2002-06,T-67,P-07915,T-67,0,1
G-1775,M-2002-07,T-27,P-06823,T-27,0,0
G-1776,M-2002-07,T-71,P-06807,T-71,0,0
G-1777,M-2002-08,T-70,P-03846,T-70,0,0
G-1778,M-2002-08,T-70,P-07091,T-70,0,0
G-1779,M-2002-08,T-70,P-01968,T-70,0,1
G-1780,M-2002-08,T-66,P-04235,T-66,0,0
G-1781,M-2002-09,T-44,P-00729,T-44,0,1
G-1782,M-2002-10,T-09,P-04601,T-09,0,0
G-1783,M-2002-10,T-09,P-00008,T-09,0,1
G-1784,M-2002-10,T-76,P-01357,T-76,0,0
G-1785,M-2002-11,T-39,P-04765,T-39,0,0
G-1786,M-2002-11,T-39,P-04765,T-39,0,0
G-1787,M-2002-12,T-16,P-06595,T-16,0,0
G-1788,M-2002-12,T-16,P-07323,T-16,0,0
G-1789,M-2002-13,T-42,P-04499,T-42,0,0
G-1790,M-2002-13,T-42,P-03800,T-42,0,0
G-1791,M-2002-13,T-06,P-09603,T-06,0,0
G-1792,M-2002-13,T-06,P-04459,T-06,0,0
G-1793,M-2002-14,T-68,P-03321,T-68,0,0
G-1794,M-2002-14,T-68,P-00084,T-68,0,0
G-1795,M-2002-15,T-59,P-04915,T-59,0,0
G-1796,M-2002-15,T-59,P-02414,T-59,0,1
G-1797,M-2002-16,T-79,P-09538,T-79,0,0
G-1798,M-2002-16,T-79,P-07284,T-79,0,0
G-1799,M-2002-16,T-56,P-09821,T-56,0,0
G-1800,M-2002-16,T-79,P-04027,T-56,1,0
G-1801,M-2002-16,T-56,P-07349,T-79,1,0
G-1802,M-2002-17,T-29,P-05239,T-29,0,0
G-1803,M-2002-17,T-57,P-08628,T-57,0,0
G-1804,M-2002-18,T-21,P-09841,T-21,0,1
G-1805,M-2002-18,T-62,P-04383,T-62,0,0
G-1806,M-2002-19,T-11,P-03935,T-11,0,0
G-1807,M-2002-21,T-71,P-09697,T-71,0,0
G-1808,M-2002-21,T-71,P-09697,T-71,0,1
G-1809,M-2002-21,T-48,P-04240,T-48,0,0
G-1810,M-2002-22,T-70,P-01593,T-70,0,0
G-1811,M-2002-22,T-70,P-01593,T-70,0,0
G-1812,M-2002-22,T-70,P-01968,T-70,0,1
G-1813,M-2002-22,T-53,P-00568,T-70,1,0
G-1814,M-2002-23,T-27,P-00614,T-27,0,1
G-1815,M-2002-24,T-67,P-05537,T-67,0,0
G-1816,M-2002-25,T-39,P-04765,T-39,0,0
G-1817,M-2002-25,T-17,P-08876,T-17,0,0
G-1818,M-2002-25,T-17,P-05098,T-17,0,0
G-1819,M-2002-26,T-09,P-06808,T-09,0,0
G-1820,M-2002-26,T-09,P-00008,T-09,0,0
G-1821,M-2002-26,T-09,P-09952,T-09,0,1
G-1822,M-2002-26,T-09,P-04601,T-09,0,0
G-1823,M-2002-27,T-44,P-09320,T-44,0,0
G-1824,M-2002-27,T-44,P-08809,T-44,0,0
G-1825,M-2002-27,T-24,P-06431,T-24,0,0
G-1826,M-2002-28,T-16,P-08565,T-16,0,0
G-1827,M-2002-28,T-76,P-09162,T-76,0,0
G-1828,M-2002-29,T-42,P-03800,T-42,0,0
G-1829,M-2002-30,T-68,P-07103,T-68,0,0
G-1830,M-2002-30,T-79,P-02894,T-79,0,0
G-1831,M-2002-31,T-75,P-00691,T-75,0,0
G-1832,M-2002-31,T-06,P-09603,T-06,0,0
G-1833,M-2002-32,T-56,P-01987,T-56,0,0
G-1834,M-2002-32,T-56,P-01987,T-56,0,0
G-1835,M-2002-32,T-56,P-01987,T-56,0,0
G-1836,M-2002-32,T-56,P-06526,T-56,0,0
G-1837,M-2002-33,T-21,P-02256,T-21,0,0
G-1838,M-2002-33,T-21,P-09841,T-21,0,0
G-1839,M-2002-34,T-62,P-06879,T-62,0,1
G-1840,M-2002-34,T-62,P-04667,T-62,0,0
G-1841,M-2002-34,T-62,P-04667,T-62,0,0
G-1842,M-2002-34,T-80,P-06065,T-80,0,0
G-1843,M-2002-34,T-80,P-01628,T-80,0,0
G-1844,M-2002-34,T-80,P-00467,T-80,0,1
G-1845,M-2002-35,T-29,P-03200,T-29,0,0
G-1846,M-2002-35,T-29,P-05239,T-29,0,0
G-1847,M-2002-36,T-57,P-08628,T-57,0,0
G-1848,M-2002-36,T-57,P-09101,T-57,0,0
G-1849,M-2002-36,T-57,P-09973,T-57,0,0
G-1850,M-2002-38,T-71,P-00988,T-71,0,0
G-1851,M-2002-38,T-03,P-07013,T-03,0,0
G-1852,M-2002-39,T-66,P-00419,T-66,0,0
G-1853,M-2002-39,T-53,P-02234,T-53,0,0
G-1854,M-2002-39,T-53,P-02234,T-53,0,0
G-1855,M-2002-39,T-53,P-03065,T-53,0,0
G-1856,M-2002-40,T-67,P-03822,T-67,0,0
G-1857,M-2002-40,T-67,P-07803,T-67,0,0
G-1858,M-2002-40,T-70,P-03846,T-70,0,0
G-1859,M-2002-40,T-70,P-03846,T-70,0,0
G-1860,M-2002-40,T-70,P-02339,T-70,0,0
G-1861,M-2002-41,T-16,P-00792,T-16,0,0
G-1862,M-2002-41,T-16,P-06595,T-16,0,0
G-1863,M-2002-41,T-09,P-04601,T-09,0,0
G-1864,M-2002-41,T-09,P-04601,T-09,0,0
G-1865,M-2002-41,T-09,P-01775,T-09,0,0
G-1866,M-2002-41,T-09,P-00008,T-09,0,0
G-1867,M-2002-41,T-09,P-01564,T-09,0,0
G-1868,M-2002-42,T-76,P-01357,T-76,0,0
G-1869,M-2002-42,T-76,P-04118,T-76,0,0
G-1870,M-2002-42,T-76,P-01361,T-76,0,0
G-1871,M-2002-43,T-24,P-06477,T-24,0,0
G-1872,M-2002-44,T-44,P-09320,T-44,0,0
G-1873,M-2002-44,T-39,P-09417,T-39,0,0
G-1874,M-2002-45,T-06,P-02628,T-06,0,0
G-1875,M-2002-45,T-06,P-07820,T-06,0,0
G-1876,M-2002-45,T-06,P-09603,T-06,0,0
G-1877,M-2002-45,T-59,P-02105,T-59,0,0
G-1878,M-2002-45,T-59,P-03504,T-59,0,0
G-1879,M-2002-46,T-42,P-04309,T-42,0,0
G-1880,M-2002-46,T-42,P-08622,T-42,0,0
G-1881,M-2002-47,T-55,P-05113,T-55,0,0
G-1882,M-2002-47,T-55,P-00972,T-55,0,0
G-1883,M-2002-47,T-55,P-05873,T-55,0,0
G-1884,M-2002-47,T-79,P-06818,T-79,0,0
G-1885,M-2002-48,T-68,P-00100,T-68,0,0
G-1886,M-2002-49,T-29,P-03809,T-29,0,0
G-1887,M-2002-50,T-27,P-06624,T-27,0,0
G-1888,M-2002-50,T-27,P-07705,T-27,0,0
G-1889,M-2002-50,T-27,P-02832,T-27,0,0
G-1890,M-2002-51,T-71,P-09697,T-71,0,0
G-1891,M-2002-51,T-62,P-06850,T-62,0,0
G-1892,M-2002-51,T-62,P-06850,T-62,0,0
G-1893,M-2002-52,T-70,P-01593,T-70,0,0
G-1894,M-2002-52,T-57,P-08628,T-57,0,1
G-1895,M-2002-53,T-79,P-07284,T-79,0,0
G-1896,M-2002-53,T-79,P-06818,T-79,0,0
G-1897,M-2002-54,T-09,P-00008,T-09,0,0
G-1898,M-2002-54,T-09,P-04601,T-09,0,0
G-1899,M-2002-55,T-76,P-01361,T-76,0,0
G-1900,M-2002-56,T-68,P-07749,T-68,0,0
G-1901,M-2002-56,T-68,P-07103,T-68,0,0
G-1902,M-2002-56,T-39,P-04765,T-39,0,0
G-1903,M-2002-57,T-27,P-07705,T-27,0,0
G-1904,M-2002-57,T-09,P-00008,T-09,0,0
G-1905,M-2002-57,T-09,P-09952,T-09,0,0
G-1906,M-2002-58,T-29,P-05827,T-29,0,0
G-1907,M-2002-60,T-76,P-01607,T-76,0,0
G-1908,M-2002-61,T-29,P-05827,T-29,0,0
G-1909,M-2002-62,T-09,P-04601,T-09,0,0
G-1910,M-2002-63,T-68,P-05103,T-68,0,0
G-1911,M-2002-63,T-68,P-07275,T-68,0,0
G-1912,M-2002-63,T-76,P-06124,T-76,0,0
G-1913,M-2002-63,T-76,P-01607,T-76,0,0
G-1914,M-2002-63,T-76,P-01607,T-76,0,0
G-1915,M-2002-64,T-09,P-04601,T-09,0,0
G-1916,M-2002-64,T-09,P-04601,T-09,0,0
G-1917,M-2006-01,T-29,P-00485,T-29,0,0
G-1918,M-2006-01,T-29,P-05239,T-29,0,0
G-1919,M-2006-01,T-29,P-05239,T-29,0,0
G-1920,M-2006-01,T-29,P-02737,T-29,0,0
G-1921,M-2006-01,T-16,P-00792,T-16,0,0
G-1922,M-2006-01,T-16,P-00792,T-16,0,0
G-1923,M-2006-02,T-24,P-09367,T-24,0,0
G-1924,M-2006-02,T-24,P-06431,T-24,0,0
G-1925,M-2006-03,T-27,P-03869,T-53,1,0
G-1926,M-2006-05,T-03,P-07013,T-03,0,0
G-1927,M-2006-05,T-03,P-00238,T-03,0,0
G-1928,M-2006-05,T-40,P-08969,T-40,0,0
G-1929,M-2006-06,T-46,P-06098,T-46,0,0
G-1930,M-2006-07,T-44,P-05224,T-44,0,0
G-1931,M-2006-07,T-44,P-05224,T-44,0,0
G-1932,M-2006-07,T-44,P-04575,T-44,0,0
G-1933,M-2006-07,T-36,P-01408,T-36,0,0
G-1934,M-2006-08,T-56,P-01987,T-56,0,0
G-1935,M-2006-09,T-04,P-09745,T-04,0,0
G-1936,M-2006-09,T-04,P-09745,T-04,0,0
G-1937,M-2006-09,T-04,P-04807,T-04,0,0
G-1938,M-2006-09,T-42,P-08266,T-42,0,0
G-1939,M-2006-10,T-19,P-08610,T-19,0,0
G-1940,M-2006-10,T-19,P-03836,T-19,0,0
G-1941,M-2006-10,T-19,P-03836,T-19,0,0
G-1942,M-2006-11,T-39,P-09247,T-39,0,0
G-1943,M-2006-11,T-39,P-06801,T-39,0,0
G-1944,M-2006-12,T-68,P-06863,T-68,0,0
G-1945,M-2006-12,T-68,P-07103,T-68,0,0
G-1946,M-2006-12,T-73,P-08090,T-73,0,0
G-1947,M-2006-14,T-09,P-02726,T-09,0,0
G-1948,M-2006-15,T-70,P-03244,T-70,0,0
G-1949,M-2006-15,T-70,P-04291,T-70,0,0
G-1950,M-2006-15,T-70,P-04291,T-70,0,1
G-1951,M-2006-15,T-70,P-06519,T-70,0,0
G-1952,M-2006-16,T-75,P-09989,T-75,0,0
G-1953,M-2006-16,T-75,P-09167,T-75,0,0
G-1954,M-2006-16,T-60,P-05687,T-60,0,0
G-1955,M-2006-16,T-60,P-06162,T-60,0,0
G-1956,M-2006-17,T-29,P-03809,T-29,0,0
G-1957,M-2006-18,T-24,P-09367,T-24,0,0
G-1958,M-2006-18,T-24,P-06431,T-24,0,0
G-1959,M-2006-18,T-24,P-09701,T-24,0,0
G-1960,M-2006-19,T-27,P-09504,T-27,0,0
G-1961,M-2006-19,T-27,P-07513,T-27,0,0
G-1962,M-2006-20,T-71,P-01499,T-71,0,0
G-1963,M-2006-21,T-03,P-09914,T-03,0,0
G-1964,M-2006-21,T-03,P-09914,T-03,0,0
G-1965,M-2006-21,T-03,P-08770,T-03,0,0
G-1966,M-2006-21,T-03,P-07013,T-03,0,0
G-1967,M-2006-21,T-03,P-02135,T-03,0,0
G-1968,M-2006-21,T-03,P-06410,T-03,0,0
G-1969,M-2006-22,T-46,P-05286,T-46,0,0
G-1970,M-2006-22,T-46,P-08919,T-46,0,0
G-1971,M-2006-22,T-40,P-05586,T-40,0,0
G-1972,M-2006-24,T-56,P-03802,T-56,0,0
G-1973,M-2006-24,T-56,P-03015,T-56,0,1
G-1974,M-2006-25,T-30,P-07680,T-30,0,0
G-1975,M-2006-25,T-30,P-02970,T-30,0,0
G-1976,M-2006-26,T-39,P-07752,T-39,0,0
G-1977,M-2006-26,T-79,P-00890,T-39,1,0
G-1978,M-2006-28,T-09,P-08367,T-09,0,0
G-1979,M-2006-28,T-09,P-09130,T-09,0,0
G-1980,M-2006-29,T-28,P-06999,T-28,0,0
G-1981,M-2006-29,T-68,P-00100,T-68,0,0
G-1982,M-2006-30,T-72,P-02320,T-72,0,0
G-1983,M-2006-30,T-72,P-00432,T-72,0,0
G-1984,M-2006-31,T-77,P-06359,T-77,0,0
G-1985,M-2006-31,T-77,P-00704,T-77,0,0
G-1986,M-2006-31,T-77,P-08264,T-77,0,0
G-1987,M-2006-31,T-77,P-08084,T-77,0,0
G-1988,M-2006-32,T-70,P-03846,T-70,0,0
G-1989,M-2006-32,T-70,P-06519,T-70,0,0
G-1990,M-2006-32,T-70,P-06519,T-70,0,1
G-1991,M-2006-32,T-75,P-09351,T-75,0,0
G-1992,M-2006-33,T-16,P-06595,T-16,0,0
G-1993,M-2006-33,T-55,P-04761,T-55,0,0
G-1994,M-2006-33,T-55,P-04761,T-55,0,0
G-1995,M-2006-34,T-29,P-05239,T-29,0,0
G-1996,M-2006-34,T-29,P-05239,T-29,0,0
G-1997,M-2006-34,T-29,P-07597,T-29,0,0
G-1998,M-2006-35,T-53,P-02234,T-53,0,0
G-1999,M-2006-35,T-53,P-04849,T-74,1,0
G-2000,M-2006-36,T-71,P-06184,T-71,0,0
G-2001,M-2006-36,T-71,P-09697,T-71,0,0
G-2002,M-2006-36,T-27,P-00931,T-27,0,0
G-2003,M-2006-36,T-27,P-07513,T-27,0,0
G-2004,M-2006-37,T-36,P-07555,T-36,0,0
G-2005,M-2006-37,T-02,P-06810,T-02,0,0
G-2006,M-2006-38,T-56,P-05696,T-56,0,0
G-2007,M-2006-38,T-56,P-04616,T-56,0,1
G-2008,M-2006-38,T-44,P-00845,T-44,0,0
G-2009,M-2006-39,T-40,P-07422,T-40,0,1
G-2010,M-2006-39,T-40,P-07422,T-40,0,0
G-2011,M-2006-39,T-40,P-09731,T-40,0,1
G-2012,M-2006-39,T-64,P-09048,T-64,0,0
G-2013,M-2006-39,T-64,P-02389,T-64,0,0
G-2014,M-2006-41,T-39,P-06473,T-39,0,0
G-2015,M-2006-41,T-39,P-09404,T-39,0,0
G-2016,M-2006-42,T-30,P-08900,T-30,0,0
G-2017,M-2006-42,T-30,P-04406,T-30,0,1
G-2018,M-2006-42,T-79,P-04433,T-79,0,0
G-2019,M-2006-43,T-17,P-09858,T-17,0,0
G-2020,M-2006-43,T-17,P-05226,T-17,0,0
G-2021,M-2006-43,T-04,P-08141,T-04,0,1
G-2022,M-2006-43,T-04,P-06101,T-04,0,0
G-2023,M-2006-44,T-42,P-04718,T-42,0,0
G-2024,M-2006-44,T-09,P-04601,T-09,0,0
G-2025,M-2006-44,T-09,P-04601,T-09,0,0
G-2026,M-2006-44,T-09,P-01278,T-09,0,0
G-2027,M-2006-44,T-09,P-08461,T-09,0,0
G-2028,M-2006-45,T-70,P-04267,T-70,0,0
G-2029,M-2006-46,T-77,P-08264,T-77,0,1
G-2030,M-2006-47,T-72,P-05851,T-72,0,0
G-2031,M-2006-47,T-72,P-02320,T-72,0,0
G-2032,M-2006-48,T-28,P-07271,T-28,0,0
G-2033,M-2006-48,T-28,P-06999,T-28,0,0
G-2034,M-2006-49,T-29,P-07597,T-29,0,0
G-2035,M-2006-49,T-29,P-07597,T-29,0,0
G-2036,M-2006-50,T-03,P-07013,T-03,0,0
G-2037,M-2006-50,T-03,P-09914,T-03,0,0
G-2038,M-2006-50,T-44,P-02847,T-44,0,0
G-2039,M-2006-51,T-27,P-00614,T-27,0,0
G-2040,M-2006-52,T-56,P-05696,T-56,0,0
G-2041,M-2006-53,T-39,P-01266,T-39,0,1
G-2042,M-2006-55,T-09,P-04601,T-09,0,0
G-2043,M-2006-55,T-09,P-08367,T-09,0,0
G-2044,M-2006-55,T-09,P-03062,T-09,0,0
G-2045,M-2006-56,T-70,P-04291,T-70,0,1
G-2046,M-2006-56,T-28,P-06507,T-28,0,0
G-2047,M-2006-56,T-28,P-07271,T-28,0,0
G-2048,M-2006-56,T-28,P-03582,T-28,0,0
G-2049,M-2006-57,T-29,P-05239,T-29,0,0
G-2050,M-2006-57,T-03,P-09897,T-03,0,0
G-2051,M-2006-58,T-39,P-02305,T-39,0,0
G-2052,M-2006-58,T-39,P-03638,T-39,0,0
G-2053,M-2006-58,T-39,P-03638,T-39,0,0
G-2054,M-2006-60,T-28,P-06999,T-28,0,0
G-2055,M-2006-61,T-39,P-08133,T-39,0,0
G-2056,M-2006-61,T-39,P-09417,T-39,0,0
G-2057,M-2006-62,T-28,P-03582,T-28,0,1
G-2058,M-2006-63,T-29,P-03082,T-29,0,0
G-2059,M-2006-63,T-29,P-03082,T-29,0,0
G-2060,M-2006-63,T-56,P-07384,T-56,0,0
G-2061,M-2006-63,T-29,P-08111,T-56,1,0
G-2062,M-2006-64,T-39,P-06473,T-39,0,0
G-2063,M-2006-64,T-28,P-03582,T-28,0,1
G-2064,M-2010-01,T-67,P-05473,T-67,0,0
G-2065,M-2010-01,T-44,P-02847,T-44,0,0
G-2066,M-2010-03,T-68,P-01725,T-68,0,0
G-2067,M-2010-03,T-68,P-00100,T-68,0,0
G-2068,M-2010-04,T-03,P-06528,T-03,0,0
G-2069,M-2010-05,T-27,P-07513,T-27,0,0
G-2070,M-2010-05,T-79,P-04433,T-79,0,0
G-2071,M-2010-06,T-66,P-04968,T-66,0,0
G-2072,M-2010-07,T-30,P-07680,T-30,0,1
G-2073,M-2010-08,T-29,P-07597,T-29,0,0
G-2074,M-2010-08,T-29,P-05239,T-29,0,0
G-2075,M-2010-08,T-29,P-00904,T-29,0,0
G-2076,M-2010-08,T-29,P-09199,T-29,0,0
G-2077,M-2010-09,T-46,P-04256,T-46,0,0
G-2078,M-2010-09,T-46,P-08906,T-21,1,0
G-2079,M-2010-10,T-42,P-04468,T-42,0,0
G-2080,M-2010-11,T-39,P-04810,T-39,0,0
G-2081,M-2010-11,T-53,P-01056,T-53,0,0
G-2082,M-2010-12,T-47,P-07468,T-47,0,0
G-2083,M-2010-12,T-65,P-08013,T-65,0,0
G-2084,M-2010-14,T-09,P-09704,T-09,0,0
G-2085,M-2010-14,T-09,P-08273,T-09,0,0
G-2086,M-2010-14,T-49,P-07082,T-49,0,0
G-2087,M-2010-15,T-13,P-07780,T-13,0,0
G-2088,M-2010-16,T-72,P-01302,T-72,0,0
G-2089,M-2010-17,T-80,P-01628,T-80,0,0
G-2090,M-2010-17,T-80,P-01628,T-80,0,1
G-2091,M-2010-17,T-80,P-05259,T-80,0,0
G-2092,M-2010-18,T-03,P-00300,T-03,0,0
G-2093,M-2010-18,T-03,P-00300,T-03,0,0
G-2094,M-2010-18,T-03,P-00300,T-03,0,0
G-2095,M-2010-18,T-68,P-09156,T-68,0,0
G-2096,M-2010-18,T-03,P-08534,T-68,1,0
G-2097,M-2010-19,T-31,P-02656,T-31,0,0
G-2098,M-2010-19,T-31,P-09277,T-31,0,0
G-2099,M-2010-19,T-48,P-06768,T-48,0,0
G-2100,M-2010-20,T-44,P-07104,T-44,0,0
G-2101,M-2010-20,T-44,P-00729,T-44,0,1
G-2102,M-2010-21,T-63,P-01618,T-63,0,0
G-2103,M-2010-22,T-66,P-04713,T-66,0,0
G-2104,M-2010-22,T-66,P-03165,T-66,0,0
G-2105,M-2010-22,T-79,P-06818,T-79,0,0
G-2106,M-2010-22,T-79,P-06235,T-79,0,0
G-2107,M-2010-24,T-46,P-06373,T-46,0,0
G-2108,M-2010-25,T-30,P-07680,T-30,0,1
G-2109,M-2010-25,T-04,P-04940,T-04,0,0
G-2110,M-2010-26,T-11,P-03935,T-11,0,0
G-2111,M-2010-26,T-21,P-01764,T-21,0,0
G-2112,M-2010-26,T-21,P-02256,T-21,0,0
G-2113,M-2010-27,T-53,P-02510,T-53,0,0
G-2114,M-2010-27,T-53,P-04961,T-53,0,0
G-2115,M-2010-28,T-39,P-06801,T-39,0,1
G-2116,M-2010-28,T-47,P-03936,T-47,0,0
G-2117,M-2010-29,T-09,P-06981,T-09,0,0
G-2118,M-2010-29,T-09,P-06981,T-09,0,0
G-2119,M-2010-29,T-09,P-08273,T-09,0,0
G-2120,M-2010-29,T-40,P-08969,T-40,0,0
G-2121,M-2010-30,T-56,P-06038,T-56,0,0
G-2122,M-2010-30,T-56,P-04616,T-56,0,0
G-2123,M-2010-30,T-56,P-09658,T-56,0,0
G-2124,M-2010-30,T-56,P-05056,T-56,0,0
G-2125,M-2010-30,T-56,P-05056,T-56,0,0
G-2126,M-2010-30,T-56,P-00909,T-56,0,0
G-2127,M-2010-30,T-56,P-03015,T-56,0,0
G-2128,M-2010-31,T-13,P-00224,T-13,0,0
G-2129,M-2010-32,T-70,P-04291,T-70,0,0
G-2130,M-2010-32,T-70,P-04291,T-70,0,0
G-2131,M-2010-33,T-28,P-03934,T-28,0,0
G-2132,M-2010-33,T-67,P-08621,T-67,0,0
G-2133,M-2010-33,T-67,P-08963,T-67,0,0
G-2134,M-2010-34,T-80,P-05749,T-80,0,0
G-2135,M-2010-35,T-03,P-07699,T-03,0,0
G-2136,M-2010-35,T-03,P-05247,T-03,0,0
G-2137,M-2010-36,T-48,P-06768,T-48,0,0
G-2138,M-2010-36,T-48,P-00509,T-48,0,1
G-2139,M-2010-36,T-68,P-01725,T-68,0,0
G-2140,M-2010-36,T-68,P-08534,T-68,0,0
G-2141,M-2010-37,T-27,P-00781,T-27,0,0
G-2142,M-2010-38,T-79,P-06818,T-79,0,0
G-2143,M-2010-39,T-04,P-09745,T-04,0,0
G-2144,M-2010-39,T-04,P-04940,T-04,0,0
G-2145,M-2010-39,T-63,P-03319,T-63,0,0
G-2146,M-2010-40,T-29,P-05458,T-29,0,0
G-2147,M-2010-42,T-65,P-08013,T-65,0,0
G-2148,M-2010-42,T-65,P-08013,T-65,0,0
G-2149,M-2010-42,T-65,P-02342,T-65,0,0
G-2150,M-2010-42,T-39,P-08291,T-39,0,0
G-2151,M-2010-42,T-39,P-05544,T-39,0,0
G-2152,M-2010-43,T-11,P-03935,T-11,0,1
G-2153,M-2010-43,T-46,P-05286,T-46,0,0
G-2154,M-2010-43,T-46,P-03271,T-46,0,0
G-2155,M-2010-44,T-21,P-09841,T-21,0,0
G-2156,M-2010-44,T-42,P-04468,T-42,0,0
G-2157,M-2010-44,T-42,P-00514,T-42,0,0
G-2158,M-2010-44,T-42,P-03847,T-42,0,0
G-2159,M-2010-45,T-40,P-02735,T-40,0,0
G-2160,M-2010-45,T-40,P-05935,T-40,0,0
G-2161,M-2010-45,T-40,P-04006,T-40,0,0
G-2162,M-2010-47,T-13,P-04113,T-13,0,0
G-2163,M-2010-47,T-70,P-04291,T-70,0,0
G-2164,M-2010-47,T-70,P-02237,T-70,0,0
G-2165,M-2010-49,T-80,P-05749,T-80,0,0
G-2166,M-2010-49,T-80,P-05749,T-80,0,0
G-2167,M-2010-49,T-68,P-09156,T-68,0,0
G-2168,M-2010-50,T-79,P-06818,T-79,0,1
G-2169,M-2010-50,T-30,P-00259,T-30,0,0
G-2170,M-2010-50,T-30,P-07680,T-30,0,0
G-2171,M-2010-51,T-29,P-05239,T-29,0,0
G-2172,M-2010-51,T-29,P-07597,T-29,0,0
G-2173,M-2010-51,T-29,P-00904,T-29,0,0
G-2174,M-2010-51,T-29,P-00904,T-29,0,0
G-2175,M-2010-51,T-27,P-08811,T-27,0,0
G-2176,M-2010-52,T-03,P-02135,T-03,0,0
G-2177,M-2010-52,T-03,P-02135,T-03,0,0
G-2178,M-2010-52,T-03,P-00300,T-03,0,0
G-2179,M-2010-52,T-44,P-07104,T-44,0,0
G-2180,M-2010-53,T-46,P-06098,T-46,0,0
G-2181,M-2010-53,T-46,P-06373,T-46,0,0
G-2182,M-2010-53,T-65,P-08013,T-65,0,1
G-2183,M-2010-54,T-09,P-04958,T-09,0,0
G-2184,M-2010-54,T-09,P-06981,T-09,0,0
G-2185,M-2010-54,T-09,P-05977,T-09,0,0
G-2186,M-2010-56,T-70,P-04291,T-70,0,0
G-2187,M-2010-57,T-46,P-06373,T-46,0,0
G-2188,M-2010-57,T-46,P-06373,T-46,0,0
G-2189,M-2010-57,T-09,P-05977,T-09,0,0
G-2190,M-2010-58,T-80,P-01628,T-80,0,0
G-2191,M-2010-58,T-30,P-02970,T-30,0,0
G-2192,M-2010-59,T-29,P-00904,T-29,0,0
G-2193,M-2010-59,T-29,P-05239,T-29,0,0
G-2194,M-2010-59,T-29,P-05239,T-29,0,0
G-2195,M-2010-59,T-29,P-06104,T-29,0,0
G-2196,M-2010-60,T-70,P-04291,T-70,0,0
G-2197,M-2010-61,T-80,P-01628,T-80,0,0
G-2198,M-2010-61,T-80,P-03202,T-80,0,0
G-2199,M-2010-61,T-46,P-06698,T-46,0,0
G-2200,M-2010-61,T-46,P-06373,T-46,0,0
G-2201,M-2010-61,T-46,P-06098,T-46,0,0
G-2202,M-2010-62,T-70,P-00568,T-70,0,0
G-2203,M-2010-63,T-80,P-00985,T-80,0,0
G-2204,M-2010-63,T-80,P-01628,T-80,0,0
G-2205,M-2010-63,T-29,P-00904,T-29,0,0
G-2206,M-2010-63,T-29,P-08755,T-29,0,0
G-2207,M-2010-63,T-29,P-00049,T-29,0,0
G-2208,M-2010-64,T-70,P-02237,T-70,0,0
G-2209,M-2014-01,T-09,P-01576,T-09,0,0
G-2210,M-2014-01,T-09,P-01576,T-09,0,1
G-2211,M-2014-01,T-09,P-07869,T-09,0,0
G-2212,M-2014-01,T-17,P-08112,T-09,1,0
G-2213,M-2014-02,T-44,P-01677,T-44,0,0
G-2214,M-2014-03,T-70,P-03244,T-70,0,1
G-2215,M-2014-03,T-46,P-05286,T-46,0,0
G-2216,M-2014-03,T-46,P-05286,T-46,0,0
G-2217,M-2014-03,T-46,P-06098,T-46,0,0
G-2218,M-2014-03,T-46,P-06098,T-46,0,0
G-2219,M-2014-03,T-46,P-06774,T-46,0,0
G-2220,M-2014-04,T-13,P-08149,T-13,0,0
G-2221,M-2014-04,T-13,P-03528,T-13,0,0
G-2222,M-2014-04,T-13,P-07780,T-13,0,0
G-2223,M-2014-04,T-04,P-09745,T-04,0,0
G-2224,M-2014-05,T-15,P-02817,T-15,0,0
G-2225,M-2014-05,T-15,P-04355,T-15,0,0
G-2226,M-2014-05,T-15,P-03676,T-15,0,0
G-2227,M-2014-06,T-80,P-00985,T-80,0,1
G-2228,M-2014-06,T-16,P-04407,T-16,0,0
G-2229,M-2014-06,T-16,P-04533,T-16,0,0
G-2230,M-2014-06,T-16,P-09443,T-16,0,0
G-2231,M-2014-07,T-27,P-07055,T-27,0,0
G-2232,M-2014-07,T-39,P-03343,T-39,0,0
G-2233,M-2014-07,T-39,P-04874,T-39,0,0
G-2234,M-2014-08,T-40,P-04997,T-40,0,0
G-2235,M-2014-08,T-40,P-01756,T-40,0,0
G-2236,M-2014-08,T-42,P-04468,T-42,0,0
G-2237,M-2014-09,T-72,P-03832,T-72,0,0
G-2238,M-2014-09,T-72,P-09827,T-72,0,0
G-2239,M-2014-09,T-24,P-04001,T-24,0,0
G-2240,M-2014-10,T-28,P-00798,T-28,0,1
G-2241,M-2014-10,T-28,P-00798,T-28,0,0
G-2242,M-2014-10,T-28,P-09085,T-33,1,0
G-2243,M-2014-11,T-03,P-06410,T-03,0,0
G-2244,M-2014-11,T-08,P-02959,T-08,0,0
G-2245,M-2014-11,T-03,P-01609,T-08,1,0
G-2246,M-2014-12,T-29,P-00904,T-29,0,1
G-2247,M-2014-12,T-29,P-00904,T-29,0,0
G-2248,M-2014-12,T-29,P-00904,T-29,0,0
G-2249,M-2014-12,T-29,P-03386,T-29,0,0
G-2250,M-2014-14,T-30,P-02485,T-30,0,0
G-2251,M-2014-14,T-79,P-04433,T-79,0,0
G-2252,M-2014-14,T-79,P-09091,T-79,0,0
G-2253,M-2014-15,T-06,P-00718,T-06,0,0
G-2254,M-2014-15,T-06,P-06609,T-06,0,0
G-2255,M-2014-15,T-01,P-09126,T-01,0,1
G-2256,M-2014-17,T-59,P-08283,T-59,0,0
G-2257,M-2014-17,T-68,P-09490,T-68,0,0
G-2258,M-2014-18,T-04,P-09745,T-04,0,0
G-2259,M-2014-18,T-04,P-08920,T-04,0,1
G-2260,M-2014-18,T-46,P-06098,T-46,0,0
G-2261,M-2014-18,T-46,P-05286,T-46,0,0
G-2262,M-2014-18,T-46,P-01083,T-46,0,0
G-2263,M-2014-19,T-13,P-03790,T-13,0,0
G-2264,M-2014-19,T-13,P-01784,T-13,0,0
G-2265,M-2014-20,T-17,P-08876,T-17,0,0
G-2266,M-2014-20,T-17,P-04888,T-17,0,0
G-2267,M-2014-20,T-17,P-09489,T-17,0,0
G-2268,M-2014-20,T-17,P-09489,T-17,0,0
G-2269,M-2014-21,T-15,P-03676,T-15,0,0
G-2270,M-2014-21,T-15,P-02343,T-15,0,0
G-2271,M-2014-21,T-40,P-01756,T-40,0,0
G-2272,M-2014-22,T-80,P-05749,T-80,0,0
G-2273,M-2014-22,T-80,P-05749,T-80,0,0
G-2274,M-2014-22,T-27,P-06747,T-27,0,0
G-2275,M-2014-24,T-16,P-01537,T-16,0,0
G-2276,M-2014-25,T-72,P-03892,T-72,0,0
G-2277,M-2014-25,T-72,P-03575,T-72,0,0
G-2278,M-2014-25,T-28,P-09623,T-28,0,0
G-2279,M-2014-25,T-28,P-08606,T-28,0,0
G-2280,M-2014-25,T-28,P-02212,T-28,0,0
G-2281,M-2014-25,T-28,P-00798,T-28,0,0
G-2282,M-2014-25,T-28,P-02032,T-28,0,0
G-2283,M-2014-26,T-33,P-02503,T-33,0,0
G-2284,M-2014-26,T-24,P-04001,T-24,0,0
G-2285,M-2014-26,T-24,P-04001,T-24,0,0
G-2286,M-2014-27,T-03,P-06410,T-03,0,0
G-2287,M-2014-28,T-29,P-02208,T-29,0,0
G-2288,M-2014-28,T-29,P-05239,T-29,0,0
G-2289,M-2014-28,T-30,P-02485,T-30,0,0
G-2290,M-2014-28,T-30,P-07680,T-30,0,0
G-2291,M-2014-29,T-48,P-06909,T-48,0,0
G-2292,M-2014-30,T-06,P-03835,T-06,0,0
G-2293,M-2014-31,T-68,P-01218,T-68,0,0
G-2294,M-2014-31,T-68,P-08255,T-68,0,0
G-2295,M-2014-31,T-01,P-02287,T-01,0,0
G-2296,M-2014-31,T-01,P-03640,T-01,0,0
G-2297,M-2014-31,T-01,P-04262,T-01,0,0
G-2298,M-2014-31,T-01,P-02558,T-01,0,0
G-2299,M-2014-32,T-79,P-05154,T-79,0,0
G-2300,M-2014-32,T-79,P-04433,T-79,0,0
G-2301,M-2014-32,T-56,P-07327,T-56,0,0
G-2302,M-2014-32,T-56,P-01755,T-56,0,0
G-2303,M-2014-33,T-70,P-04291,T-70,0,0
G-2304,M-2014-33,T-70,P-06519,T-70,0,0
G-2305,M-2014-33,T-70,P-08708,T-70,0,0
G-2306,M-2014-34,T-46,P-03709,T-46,0,0
G-2307,M-2014-34,T-46,P-01083,T-46,0,0
G-2308,M-2014-35,T-11,P-09548,T-11,0,0
G-2309,M-2014-35,T-09,P-01576,T-09,0,0
G-2310,M-2014-35,T-09,P-01576,T-09,0,0
G-2311,M-2014-35,T-09,P-09130,T-09,0,0
G-2312,M-2014-35,T-09,P-07790,T-09,0,0
G-2313,M-2014-36,T-17,P-04888,T-17,0,0
G-2314,M-2014-36,T-44,P-02847,T-44,0,0
G-2315,M-2014-36,T-44,P-05170,T-44,0,0
G-2316,M-2014-36,T-44,P-07104,T-44,0,0
G-2317,M-2014-38,T-80,P-05457,T-80,0,0
G-2318,M-2014-39,T-42,P-03847,T-42,0,0
G-2319,M-2014-39,T-15,P-05374,T-15,0,1
G-2320,M-2014-39,T-15,P-00278,T-15,0,0
G-2321,M-2014-39,T-15,P-00278,T-15,0,0
G-2322,M-2014-39,T-15,P-03676,T-15,0,0
G-2323,M-2014-40,T-31,P-06148,T-31,0,0
G-2324,M-2014-40,T-31,P-00791,T-31,0,1
G-2325,M-2014-40,T-40,P-04997,T-40,0,0
G-2326,M-2014-41,T-08,P-01282,T-08,0,0
G-2327,M-2014-41,T-08,P-03840,T-08,0,0
G-2328,M-2014-41,T-08,P-04173,T-08,0,0
G-2329,M-2014-41,T-36,P-09098,T-36,0,0
G-2330,M-2014-42,T-48,P-09657,T-48,0,0
G-2331,M-2014-42,T-48,P-09657,T-48,0,0
G-2332,M-2014-42,T-03,P-06410,T-03,0,0
G-2333,M-2014-42,T-03,P-06410,T-03,0,0
G-2334,M-2014-42,T-03,P-02956,T-03,0,0
G-2335,M-2014-43,T-72,P-02710,T-72,0,0
G-2336,M-2014-43,T-72,P-02710,T-72,0,0
G-2337,M-2014-43,T-72,P-02710,T-72,0,0
G-2338,M-2014-45,T-56,P-03015,T-56,0,0
G-2339,M-2014-45,T-30,P-07680,T-30,0,0
G-2340,M-2014-45,T-56,P-05148,T-30,1,0
G-2341,M-2014-46,T-29,P-00904,T-29,0,0
G-2342,M-2014-47,T-01,P-02287,T-01,0,0
G-2343,M-2014-47,T-59,P-04161,T-59,0,0
G-2344,M-2014-48,T-06,P-09346,T-06,0,0
G-2345,M-2014-49,T-09,P-01380,T-09,0,0
G-2346,M-2014-49,T-13,P-08149,T-13,0,0
G-2347,M-2014-50,T-15,P-03676,T-15,0,0
G-2348,M-2014-50,T-15,P-03676,T-15,0,0
G-2349,M-2014-51,T-46,P-06373,T-46,0,0
G-2350,M-2014-51,T-46,P-03271,T-46,0,1
G-2351,M-2014-51,T-44,P-07818,T-44,0,0
G-2352,M-2014-52,T-16,P-01537,T-16,0,0
G-2353,M-2014-52,T-31,P-03120,T-31,0,0
G-2354,M-2014-53,T-28,P-06083,T-28,0,0
G-2355,M-2014-53,T-28,P-01415,T-48,1,0
G-2356,M-2014-54,T-29,P-09818,T-29,0,0
G-2357,M-2014-54,T-29,P-05458,T-29,0,0
G-2358,M-2014-54,T-01,P-04262,T-01,0,0
G-2359,M-2014-55,T-03,P-04158,T-03,0,0
G-2360,M-2014-56,T-06,P-09445,T-06,0,0
G-2361,M-2014-56,T-06,P-02175,T-06,0,0
G-2362,M-2014-56,T-79,P-06110,T-79,0,0
G-2363,M-2014-57,T-29,P-03386,T-29,0,0
G-2364,M-2014-58,T-09,P-02425,T-09,0,0
G-2365,M-2014-58,T-09,P-01380,T-09,0,0
G-2366,M-2014-58,T-15,P-03676,T-15,0,1
G-2367,M-2014-59,T-03,P-00300,T-03,0,0
G-2368,M-2014-61,T-09,P-07869,T-09,0,0
G-2369,M-2014-61,T-29,P-00904,T-29,0,0
G-2370,M-2014-61,T-29,P-05239,T-29,0,0
G-2371,M-2014-61,T-29,P-03473,T-29,0,0
G-2372,M-2014-61,T-29,P-03473,T-29,0,0
G-2373,M-2014-61,T-29,P-00049,T-29,0,0
G-2374,M-2014-61,T-29,P-09818,T-29,0,0
G-2375,M-2014-61,T-29,P-09818,T-29,0,0
G-2376,M-2014-63,T-46,P-05286,T-46,0,1
G-2377,M-2014-63,T-46,P-04511,T-46,0,0
G-2378,M-2014-63,T-46,P-01696,T-46,0,0
G-2379,M-2014-64,T-29,P-02208,T-29,0,0
G-2380,M-2018-01,T-59,P-04916,T-59,0,0
G-2381,M-2018-01,T-59,P-03235,T-59,0,0
G-2382,M-2018-01,T-59,P-03235,T-59,0,0
G-2383,M-2018-01,T-59,P-02333,T-59,0,0
G-2384,M-2018-01,T-59,P-09666,T-59,0,0
G-2385,M-2018-02,T-80,P-05093,T-80,0,0
G-2386,M-2018-03,T-36,P-08853,T-45,1,0
G-2387,M-2018-04,T-56,P-03015,T-56,0,1
G-2388,M-2018-04,T-56,P-03015,T-56,0,0
G-2389,M-2018-04,T-56,P-03015,T-56,0,0
G-2390,M-2018-04,T-70,P-05908,T-70,0,0
G-2391,M-2018-04,T-70,P-05908,T-70,0,0
G-2392,M-2018-04,T-70,P-08736,T-70,0,0
G-2393,M-2018-05,T-28,P-06140,T-28,0,1
G-2394,M-2018-05,T-04,P-08920,T-04,0,1
G-2395,M-2018-05,T-28,P-03998,T-04,1,0
G-2396,M-2018-06,T-03,P-01157,T-03,0,0
G-2397,M-2018-06,T-35,P-01866,T-35,0,0
G-2398,M-2018-07,T-21,P-05846,T-21,0,0
G-2399,M-2018-08,T-17,P-03056,T-17,0,1
G-2400,M-2018-08,T-17,P-02645,T-48,1,0
G-2401,M-2018-09,T-63,P-08249,T-63,0,0
G-2402,M-2018-10,T-44,P-08544,T-44,0,0
G-2403,M-2018-11,T-09,P-07487,T-09,0,0
G-2404,M-2018-11,T-72,P-04170,T-72,0,0
G-2405,M-2018-12,T-71,P-04441,T-71,0,1
G-2406,M-2018-13,T-06,P-06609,T-06,0,0
G-2407,M-2018-13,T-06,P-02175,T-06,0,0
G-2408,M-2018-13,T-06,P-02175,T-06,0,0
G-2409,M-2018-14,T-75,P-06072,T-75,0,1
G-2410,M-2018-14,T-27,P-08448,T-27,0,0
G-2411,M-2018-14,T-27,P-08448,T-27,0,0
G-2412,M-2018-15,T-15,P-02343,T-15,0,0
G-2413,M-2018-15,T-42,P-03379,T-42,0,1
G-2414,M-2018-15,T-42,P-01627,T-42,0,0
G-2415,M-2018-16,T-55,P-03372,T-55,0,0
G-2416,M-2018-16,T-62,P-03964,T-62,0,0
G-2417,M-2018-16,T-62,P-07121,T-55,1,0
G-2418,M-2018-17,T-59,P-03235,T-59,0,0
G-2419,M-2018-17,T-59,P-02333,T-59,0,0
G-2420,M-2018-17,T-25,P-09422,T-25,0,1
G-2421,M-2018-17,T-59,P-07592,T-25,1,0
G-2422,M-2018-18,T-56,P-03015,T-56,0,0
G-2423,M-2018-19,T-80,P-05749,T-80,0,0
G-2424,M-2018-20,T-70,P-05908,T-70,0,0
G-2425,M-2018-21,T-21,P-03262,T-21,0,0
G-2426,M-2018-21,T-04,P-08920,T-04,0,1
G-2427,M-2018-22,T-28,P-02842,T-28,0,0
G-2428,M-2018-23,T-17,P-03363,T-17,0,0
G-2429,M-2018-23,T-17,P-03056,T-17,0,0
G-2430,M-2018-23,T-17,P-05588,T-17,0,0
G-2431,M-2018-24,T-09,P-07487,T-09,0,0
G-2432,M-2018-24,T-09,P-01576,T-09,0,0
G-2433,M-2018-25,T-48,P-09657,T-48,0,0
G-2434,M-2018-25,T-48,P-09657,T-48,0,0
G-2435,M-2018-26,T-63,P-03872,T-63,0,0
G-2436,M-2018-26,T-72,P-03575,T-72,0,0
G-2437,M-2018-26,T-72,P-02710,T-72,0,0
G-2438,M-2018-27,T-06,P-04214,T-06,0,1
G-2439,M-2018-27,T-06,P-04214,T-06,0,0
G-2440,M-2018-27,T-06,P-02175,T-06,0,0
G-2441,M-2018-27,T-06,P-02175,T-06,0,0
G-2442,M-2018-27,T-06,P-05828,T-06,0,0
G-2443,M-2018-27,T-75,P-08302,T-75,0,0
G-2444,M-2018-27,T-75,P-04187,T-75,0,0
G-2445,M-2018-28,T-68,P-01218,T-68,0,0
G-2446,M-2018-28,T-44,P-06343,T-44,0,1
G-2447,M-2018-28,T-44,P-07104,T-44,0,0
G-2448,M-2018-29,T-29,P-09116,T-29,0,0
G-2449,M-2018-29,T-29,P-03473,T-29,0,0
G-2450,M-2018-29,T-71,P-07679,T-71,0,0
G-2451,M-2018-30,T-27,P-07039,T-27,0,0
G-2452,M-2018-30,T-27,P-07039,T-27,0,0
G-2453,M-2018-30,T-27,P-08448,T-27,0,1
G-2454,M-2018-30,T-27,P-08448,T-27,0,1
G-2455,M-2018-30,T-27,P-08448,T-27,0,0
G-2456,M-2018-30,T-27,P-09733,T-27,0,0
G-2457,M-2018-30,T-52,P-02470,T-52,0,0
G-2458,M-2018-31,T-42,P-08843,T-42,0,0
G-2459,M-2018-31,T-42,P-04468,T-42,0,0
G-2460,M-2018-31,T-62,P-09095,T-62,0,0
G-2461,M-2018-31,T-62,P-04908,T-62,0,0
G-2462,M-2018-32,T-15,P-01385,T-15,0,0
G-2463,M-2018-32,T-15,P-03402,T-15,0,0
G-2464,M-2018-32,T-15,P-05374,T-15,0,0
G-2465,M-2018-33,T-60,P-09480,T-60,0,1
G-2466,M-2018-33,T-60,P-03366,T-60,0,0
G-2467,M-2018-33,T-25,P-09422,T-25,0,0
G-2468,M-2018-34,T-80,P-05749,T-80,0,0
G-2469,M-2018-34,T-80,P-00985,T-80,0,0
G-2470,M-2018-34,T-80,P-03235,T-59,1,0
G-2471,M-2018-35,T-70,P-06486,T-70,0,0
G-2472,M-2018-35,T-70,P-08847,T-70,0,0
G-2473,M-2018-35,T-45,P-07925,T-45,0,0
G-2474,M-2018-35,T-45,P-01351,T-45,0,0
G-2475,M-2018-36,T-36,P-02640,T-36,0,1
G-2476,M-2018-36,T-56,P-06488,T-56,0,0
G-2477,M-2018-37,T-54,P-07257,T-54,0,0
G-2478,M-2018-37,T-54,P-04404,T-54,0,0
G-2479,M-2018-39,T-35,P-02859,T-35,0,1
G-2480,M-2018-39,T-17,P-09692,T-17,0,0
G-2481,M-2018-39,T-17,P-04888,T-17,0,0
G-2482,M-2018-40,T-48,P-08787,T-48,0,1
G-2483,M-2018-40,T-03,P-06410,T-03,0,0
G-2484,M-2018-40,T-03,P-02956,T-03,0,0
G-2485,M-2018-41,T-68,P-06085,T-68,0,0
G-2486,M-2018-41,T-68,P-01218,T-68,0,0
G-2487,M-2018-42,T-71,P-03603,T-71,0,0
G-2488,M-2018-42,T-71,P-04441,T-71,0,1
G-2489,M-2018-42,T-71,P-02421,T-44,1,0
G-2490,M-2018-43,T-09,P-03917,T-09,0,0
G-2491,M-2018-43,T-09,P-02425,T-09,0,0
G-2492,M-2018-44,T-72,P-03892,T-72,0,0
G-2493,M-2018-44,T-72,P-00218,T-72,0,0
G-2494,M-2018-44,T-16,P-03225,T-16,0,0
G-2495,M-2018-44,T-16,P-05007,T-72,1,0
G-2496,M-2018-45,T-55,P-01200,T-55,0,0
G-2497,M-2018-46,T-15,P-01385,T-15,0,0
G-2498,M-2018-47,T-06,P-00051,T-06,0,0
G-2499,M-2018-48,T-75,P-03253,T-75,0,0
G-2500,M-2018-48,T-75,P-04187,T-75,0,0
G-2501,M-2018-48,T-52,P-07761,T-75,1,0
G-2502,M-2018-49,T-28,P-06140,T-28,0,1
G-2503,M-2018-49,T-28,P-00409,T-28,0,0
G-2504,M-2018-49,T-28,P-02842,T-28,0,0
G-2505,M-2018-49,T-28,P-02842,T-28,0,0
G-2506,M-2018-49,T-03,P-04158,T-03,0,0
G-2507,M-2018-49,T-03,P-07359,T-03,0,0
G-2508,M-2018-49,T-03,P-01157,T-03,0,0
G-2509,M-2018-50,T-80,P-00985,T-80,0,0
G-2510,M-2018-50,T-80,P-00985,T-80,0,0
G-2511,M-2018-50,T-56,P-05692,T-56,0,0
G-2512,M-2018-51,T-59,P-02333,T-59,0,1
G-2513,M-2018-51,T-70,P-02908,T-59,1,0
G-2514,M-2018-52,T-17,P-09489,T-17,0,0
G-2515,M-2018-52,T-21,P-05647,T-21,0,0
G-2516,M-2018-53,T-09,P-01576,T-09,0,0
G-2517,M-2018-53,T-09,P-01940,T-09,0,0
G-2518,M-2018-54,T-06,P-09346,T-06,0,0
G-2519,M-2018-54,T-06,P-00718,T-06,0,0
G-2520,M-2018-54,T-06,P-06292,T-06,0,0
G-2521,M-2018-54,T-42,P-03878,T-42,0,0
G-2522,M-2018-54,T-42,P-08843,T-42,0,0
G-2523,M-2018-55,T-71,P-06565,T-71,0,0
G-2524,M-2018-56,T-15,P-01385,T-15,0,0
G-2525,M-2018-56,T-27,P-08448,T-27,0,1
G-2526,M-2018-57,T-28,P-06400,T-28,0,0
G-2527,M-2018-57,T-28,P-06140,T-28,0,0
G-2528,M-2018-58,T-09,P-08163,T-09,0,0
G-2529,M-2018-58,T-06,P-09445,T-06,0,0
G-2530,M-2018-58,T-06,P-07790,T-09,1,0
G-2531,M-2018-59,T-27,P-03540,T-27,0,0
G-2532,M-2018-59,T-27,P-02492,T-27,0,0
G-2533,M-2018-60,T-59,P-03235,T-59,0,0
G-2534,M-2018-60,T-59,P-00156,T-59,0,0
G-2535,M-2018-60,T-17,P-03779,T-17,0,0
G-2536,M-2018-60,T-17,P-06323,T-17,0,0
G-2537,M-2018-61,T-28,P-07356,T-28,0,0
G-2538,M-2018-62,T-17,P-04888,T-17,0,0
G-2539,M-2018-62,T-17,P-09489,T-17,0,0
G-2540,M-2018-62,T-27,P-00490,T-27,0,0
G-2541,M-2018-63,T-06,P-05305,T-06,0,0
G-2542,M-2018-63,T-06,P-04214,T-06,0,0
G-2543,M-2018-64,T-28,P-06140,T-28,0,1
G-2544,M-2018-64,T-28,P-06083,T-28,0,0
G-2545,M-2018-64,T-28,P-02842,T-28,0,0
G-2546,M-2018-64,T-17,P-04888,T-17,0,0
G-2547,M-2018-64,T-17,P-09489,T-17,0,0
G-2548,M-2018-64,T-28,P-09489,T-17,1,0
